L,beta,n_surrogates,spread,seed,t0_real,t0_lo,t0_hi,t0_in_band,t0_median,measure_real,measure_lo,measure_hi,measure_in_band,ndip_real,ndip_lo,ndip_hi,ndip_in_band,runtime_s
0.55,0.0,200,0.3,0,46.12910621730705,19.98847199744639,57.72313918951993,True,44.11244448438381,7.890944535083589,4.9170704743731175,11.545827939588351,True,5,2.0,7.0,True,1.2775230407714844
0.55,0.25,200,0.3,0,63.41127187876125,31.972273052959714,73.60749041802345,True,57.56237302372326,11.431277953414725,7.236314478107746,14.554510568255143,True,7,4.0,9.0,True,0.2885429859161377
0.55,0.5,200,0.3,0,63.675300707352356,41.00228161815182,94.77615949472974,True,77.95175483195206,14.365492263017185,10.493656194131441,18.00947513238066,True,7,5.0,11.0,True,0.30609583854675293
0.7,0.0,200,0.3,0,108.95030600322505,34.663645497184255,115.18983457827571,True,89.06558491081094,9.724579114679681,6.848491965727294,15.196780104512554,True,7,4.0,10.0,True,0.2978231906890869
0.7,0.25,200,0.3,0,109.17683582311591,60.71254949617294,147.21972305435781,True,121.36169129913768,13.577582845239888,10.480099292036662,19.67510519950662,True,9,6.0,13.0,True,0.33144187927246094
0.7,0.5,200,0.3,0,154.59628389055004,79.73365106665159,191.73000458736067,True,160.75914812531417,18.63500697782704,14.651262825378693,25.08459917262527,True,11,8.0,16.0,True,0.35777807235717773
0.9,0.0,200,0.3,0,308.7563386357026,179.67288945676853,473.55554002601286,True,364.4250263262177,20.937269202812796,13.680407587242899,23.261858487947432,True,17,11.0,23.0,True,0.4501821994781494
0.9,0.25,200,0.3,0,480.56646753778773,254.87601451260133,613.5986658223775,True,488.2814357087584,26.153338308918244,18.961541136034594,30.997067883200504,True,21,15.0,29.025000000000006,True,0.5277328491210938
0.9,0.5,200,0.3,0,589.5893203050466,332.99949676744734,784.9536137456176,True,627.7582558996612,35.18994070547909,25.539807163035057,38.13193778317759,True,30,20.0,37.0,True,0.5972867012023926
1.0,0.0,200,0.3,0,1550.1339830171885,832.1030791439916,1974.624347151314,True,1440.5939711828353,34.677193241809874,26.563789095478352,37.42003586853781,True,42,29.0,47.0,True,0.7744598388671875
1.0,0.25,200,0.3,0,2447.669897126277,1065.6978923734148,2439.373616088053,False,1945.2911589483367,46.74073554735892,35.407381612658966,45.612808734701375,False,55,39.0,61.0,True,0.912992000579834
1.0,0.5,200,0.3,0,3099.898811374103,1667.746008834742,3342.954432235529,True,2651.903232291584,60.38762619025004,47.119270810057635,61.04198788080002,True,64,51.975,76.025,True,1.1786999702453613
1.19,0.0,200,0.3,0,5547.604610532765,2884.2820524945496,6637.456552297469,True,5251.426358959415,50.22227529118989,40.544803930418404,58.08160719744221,True,66,53.0,78.05000000000001,True,1.4092721939086914
1.19,0.25,200,0.3,0,5547.699442768712,4825.659404760004,8574.053124183149,True,6945.957807303649,65.41426073386438,54.67015492714884,71.8075427856877,True,84,70.0,98.0,True,1.7607343196868896
1.19,0.5,200,0.3,0,8475.804709600528,6686.865974602043,11097.682923734781,True,9196.453429831436,83.80266438500503,71.78636914590909,90.37074404278133,True,108,90.975,123.10000000000002,True,2.240640163421631
1.2,0.0,200,0.3,0,19851.553898629976,14065.571692597481,26776.87238271403,True,20178.44389191015,83.57970007968846,69.05437495915967,87.04285138712501,True,129,111.925,149.025,True,3.129549980163574
1.2,0.25,200,0.3,0,24329.638876664696,18205.999104711704,35411.354685384904,True,27036.13229437616,108.79829182247096,92.5587247139031,110.08109161319288,True,174,143.975,187.0,True,3.4452550411224365
1.2,0.5,200,0.3,0,24329.73506370211,25662.57496672402,45552.302811496644,False,36055.6085773639,139.35309537511466,120.77847738067857,139.83032284635215,True,214,185.975,239.07500000000002,True,4.593825101852417
1.4,0.0,200,0.3,0,132508.2162965613,73626.14642829749,153212.8410021205,True,109471.007407652,152.32052269690303,127.78830557735586,155.061655291716,True,283,235.9,299.025,True,8.34961199760437
1.4,0.25,200,0.3,0,132508.28665374801,101314.77953389552,206630.87928883155,True,148876.59493387188,192.54713641859524,167.62412889710527,199.60934800163122,True,351,299.975,380.225,True,10.814069032669067
1.4,0.5,200,0.3,0,207464.35518551548,135827.24331494904,253330.17007192964,True,196626.33890640666,244.8734506962895,216.28684991493725,251.95923633358458,True,437,389.95,489.025,True,15.344470024108887
1.6,0.0,200,0.3,0,4691192.420788453,2855403.091203746,6480110.959724281,True,4642206.174705668,512.1662207737396,463.6398845980004,507.598421442846,False,1298,1156.9,1343.275,True,183.4760820865631
1.6,0.25,200,0.3,0,8494186.912318878,4000852.779541774,8993750.386253782,True,6090485.593963292,649.9682254762903,598.2555827857097,645.3028097219551,False,1618,1501.875,1724.025,True,248.37653017044067
1.6,0.5,200,0.3,0,8494186.955835205,5742594.315145294,11440822.17331249,True,8252321.521653351,823.0788447460748,768.6208064848449,823.8817414729458,True,2072,1929.975,2202.225,True,330.99424481391907
