L,active_n,n_active,A,T1,Tstar,beta,scan_hi,t0_lower,t0_upper,t0_bracket,t0_over_T1,t0_over_Tstar,dip_measure,measure_lower,measure_upper,n_dips,runtime_s,h_boundary
0.55,"[2, 3]",2,2.248826344663675,59.543278093837834,18.875731821988346,0.0,59.543278093837834,46.12910621610963,46.12910621730705,1.1974137237302784e-09,0.7747155966893428,2.4438314049138605,7.890944535083589,7.890944527462125,7.890944543294609,5,0.11348724365234375,9.313225746154785e-10
0.55,"[2, 3]",2,2.248826344663675,59.543278093837834,18.875731821988346,0.25,76.4550824653942,63.411271877674494,63.41127187876125,1.0867537980630004e-09,1.064961048648138,3.3594073319527373,11.431277953414725,11.43127794098109,11.431277965195477,7,0.001669168472290039,9.313225746154785e-10
0.55,"[2, 3]",2,2.248826344663675,59.543278093837834,18.875731821988346,0.5,98.17026912052341,63.67530070622993,63.675300707352356,1.1224230433981575e-09,1.069395282654788,3.3733950719291834,14.365492263017185,14.365492249839008,14.36549227591604,7,0.001428842544555664,9.313225746154785e-10
0.6,"[2, 3]",2,2.248826344663675,59.543278093837834,20.860909867056574,0.0,59.543278093837834,46.12910621610963,46.12910621730705,1.1974137237302784e-09,0.7747155966893428,2.2112700985374496,7.890944535083589,7.890944527462125,7.890944543294609,5,0.0013339519500732422,9.313225746154785e-10
0.6,"[2, 3]",2,2.248826344663675,59.543278093837834,20.860909867056574,0.25,76.4550824653942,63.411271877674494,63.41127187876125,1.0867537980630004e-09,1.064961048648138,3.039717456375187,11.431277953414725,11.43127794098109,11.431277965195477,7,0.0014312267303466797,9.313225746154785e-10
0.6,"[2, 3]",2,2.248826344663675,59.543278093837834,20.860909867056574,0.5,98.17026912052341,63.67530070622993,63.675300707352356,1.1224230433981575e-09,1.069395282654788,3.052374086899633,14.365492263017185,14.365492249839008,14.36549227591604,7,0.0014519691467285156,9.313225746154785e-10
0.7,"[2, 3, 4]",3,2.9419735252236205,119.08655618767567,25.479572849353605,0.0,119.08655618767567,108.95030600143238,108.95030600322505,1.7926709006133024e-09,0.914883337725576,4.275986361599819,9.724579114679681,9.724579099565744,9.72457913029939,7,0.0014636516571044922,9.313225746154785e-10
0.7,"[2, 3, 4]",3,2.9419735252236205,119.08655618767567,25.479572849353605,0.25,152.9101649307884,109.17683582202463,109.17683582311591,1.0912799552897923e-09,0.9167855660470823,4.284877005930091,13.577582845239888,13.577582823112607,13.57758286781609,9,0.001676797866821289,9.313225746154785e-10
0.7,"[2, 3, 4]",3,2.9419735252236205,119.08655618767567,25.479572849353605,0.5,196.34053824104686,154.59628388942502,154.59628389055004,1.1250165243836818e-09,1.2981841850133986,6.067459796307849,18.63500697782704,18.635006951168187,18.635007004253573,11,0.0017368793487548828,9.313225746154785e-10
0.8,"[2, 3, 4]",3,2.9419735252236205,119.08655618767567,31.12082055494347,0.0,119.08655618767567,108.95030600143238,108.95030600322505,1.7926709006133024e-09,0.914883337725576,3.5008815339837995,9.724579114679681,9.724579099565744,9.72457913029939,7,0.0014460086822509766,9.313225746154785e-10
0.8,"[2, 3, 4]",3,2.9419735252236205,119.08655618767567,31.12082055494347,0.25,152.9101649307884,109.17683582202463,109.17683582311591,1.0912799552897923e-09,0.9167855660470823,3.5081605779116716,13.577582845239888,13.577582823112607,13.57758286781609,9,0.0016140937805175781,9.313225746154785e-10
0.8,"[2, 3, 4]",3,2.9419735252236205,119.08655618767567,31.12082055494347,0.5,196.34053824104686,154.59628388942502,154.59628389055004,1.1250165243836818e-09,1.2981841850133986,4.9676159283015044,18.63500697782704,18.635006951168187,18.635007004253573,11,0.0016338825225830078,9.313225746154785e-10
0.9,"[2, 3, 4, 5]",4,4.381498556330821,502.389453521994,38.01105606201566,0.0,502.389453521994,308.7563386343336,308.7563386357026,1.3690168998437002e-09,0.6145756772383869,8.122803484648298,20.937269202812796,20.93726916052401,20.937269245274365,17,0.0021898746490478516,9.313225746154785e-10
0.9,"[2, 3, 4, 5]",4,4.381498556330821,502.389453521994,38.01105606201566,0.25,645.0808273981052,480.56646753621715,480.56646753778773,1.5705836631241255e-09,0.9565616160307177,12.642807575609993,26.153338308918244,26.153338253498077,26.15333836618811,21,0.002313852310180664,9.313225746154785e-10
0.9,"[2, 3, 4, 5]",4,4.381498556330821,502.389453521994,38.01105606201566,0.5,828.3001781971251,589.5893203037101,589.5893203050466,1.336502464255318e-09,1.1735702574401974,15.510995520438104,35.18994070547909,35.189940623007715,35.18994078505784,30,0.0026900768280029297,9.313225746154785e-10
1.0,"[2, 3, 4, 5, 7]",5,5.852468364352817,2187.129933716407,46.426808714726775,0.0,2187.129933716407,1550.1339830162628,1550.1339830171885,9.256382327293977e-10,0.7087525798630425,33.3887688154943,34.677193241809874,34.67719298787415,34.67719349171966,42,0.004630565643310547,9.313225746154785e-10
1.0,"[2, 3, 4, 5, 7]",5,5.852468364352817,2187.129933716407,46.426808714726775,0.25,2808.330424490442,2447.669897119051,2447.669897126277,7.226390152936801e-09,1.1191241358793698,52.721045552929986,46.74073554735892,46.74073523376137,46.74073585961014,55,0.006495952606201172,9.313225746154785e-10
1.0,"[2, 3, 4, 5, 7]",5,5.852468364352817,2187.129933716407,46.426808714726775,0.5,3605.967643503201,3099.898811370068,3099.898811374103,4.034973244415596e-09,1.4173363747560732,66.76958630565538,60.38762619025004,60.387625995092094,60.387626386247575,64,0.005289316177368164,9.313225746154785e-10
1.19,"[2, 3, 4, 5, 7, 8, 9]",7,7.075005628532497,7427.0401599217785,67.8892069201555,0.0,7427.0401599217785,5547.604610530294,5547.604610532765,2.471097104717046e-09,0.7469468982366715,81.71556072318393,50.22227529118989,50.22227502986789,50.222275556996465,66,0.006395101547241211,9.313225746154785e-10
1.19,"[2, 3, 4, 5, 7, 8, 9]",7,7.075005628532497,7427.0401599217785,67.8892069201555,0.25,9536.50833610015,5547.699442766945,5547.699442768712,1.7671482055447996e-09,0.74695966674659,81.71695759081943,65.41426073386438,65.41426042094827,65.41426105424762,84,0.007708072662353516,9.313225746154785e-10
1.19,"[2, 3, 4, 5, 7, 8, 9]",7,7.075005628532497,7427.0401599217785,67.8892069201555,0.5,12245.119090007118,8475.804709597094,8475.804709600528,3.434251993894577e-09,1.1412089509543994,124.84760235259373,83.80266438500503,83.80266401078552,83.80266476981342,108,0.009766101837158203,9.313225746154785e-10
1.2,"[2, 3, 4, 5, 7, 8, 9, 11]",8,8.520990884248697,31535.461409629326,69.26065987329636,0.0,31535.461409629326,19851.553898627055,19851.553898629976,2.9212969820946455e-09,0.6294993956412612,286.62091777563035,83.57970007968846,83.57969955634326,83.57970059942454,129,0.012779951095581055,9.313225746154785e-10
1.2,"[2, 3, 4, 5, 7, 8, 9, 11]",8,8.520990884248697,31535.461409629326,69.26065987329636,0.25,40492.33397693949,24329.638876660305,24329.638876664696,4.3910404201596975e-09,0.7715009639667318,351.2764521905032,108.79829182247096,108.79829102847725,108.79829262103885,174,0.017739057540893555,9.313225746154785e-10
1.2,"[2, 3, 4, 5, 7, 8, 9, 11]",8,8.520990884248697,31535.461409629326,69.26065987329636,0.5,51993.18600739892,24329.73506370026,24329.73506370211,1.8517312128096819e-09,0.7715040140897715,351.2778409592154,139.35309537511466,139.35309431515634,139.35309641901404,214,0.022995948791503906,9.313225746154785e-10
1.4,"[2, 3, 4, 5, 7, 8, 9, 11, 13, 16]",10,10.290342386420358,185020.04560824853,103.3247629739152,0.0,185020.04560824853,132508.2162965577,132508.2162965613,3.6088749766349792e-09,0.7161830268765961,1282.443941632981,152.32052269690303,152.32052146364003,152.32052394468337,283,0.038992881774902344,9.313225746154785e-10
1.4,"[2, 3, 4, 5, 7, 8, 9, 11, 13, 16]",10,10.290342386420358,185020.04560824853,103.3247629739152,0.25,237570.44115771627,132508.28665374604,132508.28665374801,1.979060471057892e-09,0.7161834071445097,1282.4446225654574,192.54713641859524,192.5471347263083,192.5471381098032,351,0.05043363571166992,9.313225746154785e-10
1.4,"[2, 3, 4, 5, 7, 8, 9, 11, 13, 16]",10,10.290342386420358,185020.04560824853,103.3247629739152,0.5,305046.4847002272,207464.35518551205,207464.35518551548,3.434251993894577e-09,1.1213074480847838,2007.8860983004702,244.8734506962895,244.87344872858375,244.87345265224576,437,0.06518340110778809,9.313225746154785e-10
1.6,"[2, 3, 4, 5, 7, 8, 9, 11, 13, 16, 17, 19, 23]",13,14.323245461857004,10439659.534680448,154.142433282417,0.0,10439659.534680448,4691192.42078845,4691192.420788453,2.7939677238464355e-09,0.4493625874679492,30434.140170820676,512.1662207737396,512.1662136614323,512.1662278780714,1298,0.8561182022094727,9.313225746154785e-10
1.6,"[2, 3, 4, 5, 7, 8, 9, 11, 13, 16, 17, 19, 23]",13,14.323245461857004,10439659.534680448,154.142433282417,0.25,13404788.184096215,8494186.912318874,8494186.912318878,3.725290298461914e-09,0.8136459703595956,55106.09072036629,649.9682254762903,649.9682172322646,649.9682337027043,1618,1.148850917816162,9.313225746154785e-10
1.6,"[2, 3, 4, 5, 7, 8, 9, 11, 13, 16, 17, 19, 23]",13,14.323245461857004,10439659.534680448,154.142433282417,0.5,17212088.733695056,8494186.9558352,8494186.955835205,3.725290298461914e-09,0.8136459745279621,55106.091002678724,823.0788447460748,823.0788330864161,823.0788563555107,2072,1.6160547733306885,9.313225746154785e-10
