config,R,zero_angle,abs_zero
C0-online,1,0.0,1.0
C0-online,2,-1.1143222976555,1.0
C0-online,2,1.1143222976555,1.0
C0-online,3,-1.6018023059888,1.0
C0-online,3,0.0,1.0
C0-online,3,1.6018023059888,1.0
C0-online,4,-2.0,1.0
C0-online,4,-0.7,1.0
C0-online,4,0.7,1.0
C0-online,4,2.0,1.0
C0-online,5,-2.0,1.0
C0-online,5,-0.7,1.0
C0-online,5,0.7,1.0
C0-online,5,2.0,1.0
C0-online,5,3.1415926535898,5.4601950039227
C0-online,6,-2.0,1.0
C0-online,6,-0.7,1.0
C0-online,6,0.0,0.35294832046427
C0-online,6,0.7,1.0
C0-online,6,2.0,1.0
C0-online,6,3.1415926535898,0.72181304728857
C0-online,7,-2.0701763978451,0.61092358526009
C0-online,7,-2.0,1.0
C0-online,7,-0.7,1.0
C0-online,7,0.7,1.0
C0-online,7,2.0,1.0
C0-online,7,2.0701763978451,0.61092358526009
C0-online,7,3.1415926535898,2.0071511150744
C0-online,8,-2.0,1.0
C0-online,8,-1.5192042688818,1.6325137213858
C0-online,8,-0.7,1.0
C0-online,8,0.7,1.0
C0-online,8,1.5192042688818,1.6325137213858
C0-online,8,2.0,1.0
C0-online,8,3.1415926535898,7.8327466470949
C0-online,8,3.1415926535898,0.63481074150458
C0-online,9,-2.8119017762348,0.9117305023447
C0-online,9,-2.0,1.0
C0-online,9,-1.4276741419305,0.87834851948417
C0-online,9,-0.7,1.0
C0-online,9,0.0,0.88669654585609
C0-online,9,0.7,1.0
C0-online,9,1.4276741419305,0.87834851948417
C0-online,9,2.0,1.0
C0-online,9,2.8119017762348,0.9117305023447
C0-online,10,-2.7275855755873,0.86191070094766
C0-online,10,-2.0,1.0
C0-online,10,-1.21937681994,0.872103175581
C0-online,10,-0.7,1.0
C0-online,10,0.0,0.020215399737831
C0-online,10,0.0,0.98858789345379
C0-online,10,0.7,1.0
C0-online,10,1.21937681994,0.872103175581
C0-online,10,2.0,1.0
C0-online,10,2.7275855755873,0.86191070094766
C0-online,11,-2.9724809492518,1.0596571092294
C0-online,11,-2.274120456167,0.71387146273586
C0-online,11,-2.0,1.0
C0-online,11,-1.330338348617,0.96782369250037
C0-online,11,-0.7,1.0
C0-online,11,0.0,0.89206644164717
C0-online,11,0.7,1.0
C0-online,11,1.330338348617,0.96782369250037
C0-online,11,2.0,1.0
C0-online,11,2.274120456167,0.71387146273586
C0-online,11,2.9724809492518,1.0596571092294
C0-online,12,-2.4808417609565,2.4259650659256
C0-online,12,-2.2989407960747,0.30546099173181
C0-online,12,-2.0,1.0
C0-online,12,-1.1886751222314,0.87591953134159
C0-online,12,-0.7,1.0
C0-online,12,0.0,0.81702802696353
C0-online,12,0.7,1.0
C0-online,12,1.1886751222314,0.87591953134159
C0-online,12,2.0,1.0
C0-online,12,2.2989407960747,0.30546099173181
C0-online,12,2.4808417609565,2.4259650659256
C0-online,12,3.1415926535898,0.82714400978584
C0-online,13,-2.5422863437947,0.92324135700507
C0-online,13,-2.0,1.0
C0-online,13,-1.342133292532,0.90381167333955
C0-online,13,-0.7,1.0
C0-online,13,-0.23926431381442,0.72151897344234
C0-online,13,0.0,7.776699856699
C0-online,13,0.23926431381442,0.72151897344234
C0-online,13,0.7,1.0
C0-online,13,1.342133292532,0.90381167333955
C0-online,13,2.0,1.0
C0-online,13,2.5422863437947,0.92324135700507
C0-online,13,3.1415926535898,3.971619192648
C0-online,13,3.1415926535898,1.0642094056135
C0-online,14,-2.8787160790934,0.81369282256417
C0-online,14,-2.5405112164304,0.86898184220088
C0-online,14,-2.0,1.0
C0-online,14,-1.4113558744663,0.83451833860979
C0-online,14,-1.2094866394216,0.77765400947466
C0-online,14,-0.7,1.0
C0-online,14,-0.12589571273083,0.83801695033226
C0-online,14,0.12589571273083,0.83801695033226
C0-online,14,0.7,1.0
C0-online,14,1.2094866394216,0.77765400947466
C0-online,14,1.4113558744663,0.83451833860979
C0-online,14,2.0,1.0
C0-online,14,2.5405112164304,0.86898184220088
C0-online,14,2.8787160790934,0.81369282256417
C0-online,15,-2.8696986565112,0.98857308860436
C0-online,15,-2.57208689337,0.88202676980347
C0-online,15,-2.0,1.0
C0-online,15,-1.4635313052314,0.97707642383391
C0-online,15,-0.72235407987533,1.1210066700569
C0-online,15,-0.7,1.0
C0-online,15,-0.31942074184427,1.1270785171213
C0-online,15,0.0,9.7424496880713
C0-online,15,0.31942074184427,1.1270785171213
C0-online,15,0.7,1.0
C0-online,15,0.72235407987533,1.1210066700569
C0-online,15,1.4635313052314,0.97707642383391
C0-online,15,2.0,1.0
C0-online,15,2.57208689337,0.88202676980347
C0-online,15,2.8696986565112,0.98857308860436
C0-online,16,-2.7160546259638,0.7983958775267
C0-online,16,-2.4467154170817,0.79634016693488
C0-online,16,-2.0,1.0
C0-online,16,-1.5702061811135,0.84485115430772
C0-online,16,-1.2100938260938,0.879893288543
C0-online,16,-0.7,1.0
C0-online,16,-0.32549988253191,0.76280819838183
C0-online,16,0.0,0.80170550094569
C0-online,16,0.32549988253191,0.76280819838183
C0-online,16,0.7,1.0
C0-online,16,1.2100938260938,0.879893288543
C0-online,16,1.5702061811135,0.84485115430772
C0-online,16,2.0,1.0
C0-online,16,2.4467154170817,0.79634016693488
C0-online,16,2.7160546259638,0.7983958775267
C0-online,16,3.1415926535898,0.84461289899723
C0-online,17,-2.9388863027146,0.8670973075529
C0-online,17,-2.3735505637548,0.74777542466883
C0-online,17,-2.0,1.0
C0-online,17,-1.7751758378277,4.1492571204507
C0-online,17,-1.3811328338479,0.87016533292196
C0-online,17,-1.1417638459888,2.8891262019649
C0-online,17,-0.7,1.0
C0-online,17,-0.33892502022911,0.74636416629489
C0-online,17,0.0,0.32026371223299
C0-online,17,0.33892502022911,0.74636416629489
C0-online,17,0.7,1.0
C0-online,17,1.1417638459888,2.8891262019649
C0-online,17,1.3811328338479,0.87016533292196
C0-online,17,1.7751758378277,4.1492571204507
C0-online,17,2.0,1.0
C0-online,17,2.3735505637548,0.74777542466883
C0-online,17,2.9388863027146,0.8670973075529
C0-online,18,-2.5739938855893,0.97329099424863
C0-online,18,-2.0797680859827,0.93089084596071
C0-online,18,-2.0,1.0
C0-online,18,-1.3329337143817,0.97079289526984
C0-online,18,-1.0761595305237,0.76329180538685
C0-online,18,-0.7,1.0
C0-online,18,-0.11239578657648,0.85012655751446
C0-online,18,0.0,7.6576648989576
C0-online,18,0.0,18.088088778606
C0-online,18,0.11239578657648,0.85012655751446
C0-online,18,0.7,1.0
C0-online,18,1.0761595305237,0.76329180538685
C0-online,18,1.3329337143817,0.97079289526984
C0-online,18,2.0,1.0
C0-online,18,2.0797680859827,0.93089084596071
C0-online,18,2.5739938855893,0.97329099424863
C0-online,18,3.1415926535898,1.2808625317673
C0-online,18,3.1415926535898,0.70693128616117
C0-online,19,-2.8262968483546,0.93457395485647
C0-online,19,-2.4681068438751,0.93473126084049
C0-online,19,-2.0,1.0
C0-online,19,-1.7574535085834,0.88607893383087
C0-online,19,-1.4949046786551,0.92930844574986
C0-online,19,-1.1220955374475,0.94025025905106
C0-online,19,-0.7,1.0
C0-online,19,-0.28410074623791,0.97907098983838
C0-online,19,-0.13585011919526,1.1518627934506
C0-online,19,0.13585011919526,1.1518627934506
C0-online,19,0.28410074623791,0.97907098983838
C0-online,19,0.7,1.0
C0-online,19,1.1220955374475,0.94025025905106
C0-online,19,1.4949046786551,0.92930844574986
C0-online,19,1.7574535085834,0.88607893383087
C0-online,19,2.0,1.0
C0-online,19,2.4681068438751,0.93473126084049
C0-online,19,2.8262968483546,0.93457395485647
C0-online,19,3.1415926535898,0.93702067541456
C0-online,20,-2.9499643854761,0.96942536888677
C0-online,20,-2.6202158825615,0.98318859876839
C0-online,20,-2.1016913017754,0.99939666996111
C0-online,20,-2.0,1.0
C0-online,20,-1.4219171427598,0.90905841210711
C0-online,20,-1.2009925234447,0.98766539376764
C0-online,20,-0.81125457844712,1.5524665973852
C0-online,20,-0.7,1.0
C0-online,20,-0.24758076620235,1.1628241808997
C0-online,20,0.0,0.87896476734448
C0-online,20,0.24758076620235,1.1628241808997
C0-online,20,0.7,1.0
C0-online,20,0.81125457844712,1.5524665973852
C0-online,20,1.2009925234447,0.98766539376764
C0-online,20,1.4219171427598,0.90905841210711
C0-online,20,2.0,1.0
C0-online,20,2.1016913017754,0.99939666996111
C0-online,20,2.6202158825615,0.98318859876839
C0-online,20,2.9499643854761,0.96942536888677
C0-online,20,3.1415926535898,3.9206510695293
C1-g1real,1,0.0,1.0
C1-g1real,2,0.0,1.0
C1-g1real,2,3.1415926535898,1.0
C1-g1real,3,-2.2954915253671,1.0
C1-g1real,3,0.0,1.0
C1-g1real,3,2.2954915253671,1.0
C1-g1real,4,-1.8148474631868,1.0
C1-g1real,4,0.0,1.0
C1-g1real,4,1.8148474631868,1.0
C1-g1real,4,3.1415926535898,1.0
C1-g1real,5,-2.5996204752572,1.0
C1-g1real,5,-1.5008394792914,1.0
C1-g1real,5,0.0,1.0
C1-g1real,5,1.5008394792914,1.0
C1-g1real,5,2.5996204752572,1.0
C1-g1real,6,-2.2184988773081,1.0
C1-g1real,6,-1.2785654204018,1.0
C1-g1real,6,0.0,1.0
C1-g1real,6,1.2785654204018,1.0
C1-g1real,6,2.2184988773081,1.0
C1-g1real,6,3.1415926535898,1.0
C1-g1real,7,-2.7404140211708,1.0
C1-g1real,7,-1.934872192037,1.0
C1-g1real,7,-1.1125420532523,1.0
C1-g1real,7,0.0,1.0
C1-g1real,7,1.1125420532523,1.0
C1-g1real,7,1.934872192037,1.0
C1-g1real,7,2.7404140211708,1.0
C1-g1real,8,-2.4304708359268,1.0
C1-g1real,8,-1.7152184474907,1.0
C1-g1real,8,-0.98361795975204,1.0
C1-g1real,8,0.0,1.0
C1-g1real,8,0.98361795975204,1.0
C1-g1real,8,1.7152184474907,1.0
C1-g1real,8,2.4304708359268,1.0
C1-g1real,8,3.1415926535898,1.0
C1-g1real,9,-2.8225812150843,1.0
C1-g1real,9,-2.183477360916,1.0
C1-g1real,9,-1.5399303588198,1.0
C1-g1real,9,-0.88050264701147,1.0
C1-g1real,9,0.0,1.0
C1-g1real,9,0.88050264701147,1.0
C1-g1real,9,1.5399303588198,1.0
C1-g1real,9,2.183477360916,1.0
C1-g1real,9,2.8225812150843,1.0
C1-g1real,10,-2.5624986093636,1.0
C1-g1real,10,-1.9818792886895,1.0
C1-g1real,10,-1.3967201263647,1.0
C1-g1real,10,-0.79609389620217,1.0
C1-g1real,10,0.0,1.0
C1-g1real,10,0.79609389620217,1.0
C1-g1real,10,1.3967201263647,1.0
C1-g1real,10,1.9818792886895,1.0
C1-g1real,10,2.5624986093636,1.0
C1-g1real,10,3.1415926535898,1.0
C1-g1real,11,-2.8766368861025,1.0
C1-g1real,11,-2.3462557823881,1.0
C1-g1real,11,-1.8141445522595,1.0
C1-g1real,11,-1.2774774502191,1.0
C1-g1real,11,-0.72569443262136,1.0
C1-g1real,11,0.0,1.0
C1-g1real,11,0.72569443262136,1.0
C1-g1real,11,1.2774774502191,1.0
C1-g1real,11,1.8141445522595,1.0
C1-g1real,11,2.3462557823881,1.0
C1-g1real,11,2.8766368861025,1.0
C1-g1real,12,-2.6529282708903,1.0
C1-g1real,12,-2.1635623380685,1.0
C1-g1real,12,-1.6723646826935,1.0
C1-g1real,12,-1.1766260947201,1.0
C1-g1real,12,-0.66607036877932,1.0
C1-g1real,12,0.0,1.0
C1-g1real,12,0.66607036877932,1.0
C1-g1real,12,1.1766260947201,1.0
C1-g1real,12,1.6723646826935,1.0
C1-g1real,12,2.1635623380685,1.0
C1-g1real,12,2.6529282708903,1.0
C1-g1real,12,3.1415926535898,1.0
C1-g1real,13,-2.9149622920831,1.0
C1-g1real,13,-2.4614633390897,1.0
C1-g1real,13,-2.007137502795,1.0
C1-g1real,13,-1.5509272935221,1.0
C1-g1real,13,-1.0902025320717,1.0
C1-g1real,13,-0.61492065611643,1.0
C1-g1real,13,0.0,1.0
C1-g1real,13,0.61492065611643,1.0
C1-g1real,13,1.0902025320717,1.0
C1-g1real,13,1.5509272935221,1.0
C1-g1real,13,2.007137502795,1.0
C1-g1real,13,2.4614633390897,1.0
C1-g1real,13,2.9149622920831,1.0
C1-g1real,14,-2.7188340951244,1.0
C1-g1real,14,-2.2957047742336,1.0
C1-g1real,14,-1.8716762535352,1.0
C1-g1real,14,-1.4457356184995,1.0
C1-g1real,14,-1.0153104699321,1.0
C1-g1real,14,-0.57056207205888,1.0
C1-g1real,14,0.0,1.0
C1-g1real,14,0.57056207205888,1.0
C1-g1real,14,1.0153104699321,1.0
C1-g1real,14,1.4457356184995,1.0
C1-g1real,14,1.8716762535352,1.0
C1-g1real,14,2.2957047742336,1.0
C1-g1real,14,2.7188340951244,1.0
C1-g1real,14,3.1415926535898,1.0
C1-g1real,15,-2.9435742142725,1.0
C1-g1real,15,-2.5474029378566,1.0
C1-g1real,15,-2.1507819461357,1.0
C1-g1real,15,-1.7532179101937,1.0
C1-g1real,15,-1.3537274583033,1.0
C1-g1real,15,-0.94978326427566,1.0
C1-g1real,15,-0.53173393835452,1.0
C1-g1real,15,0.0,1.0
C1-g1real,15,0.53173393835452,1.0
C1-g1real,15,0.94978326427566,1.0
C1-g1real,15,1.3537274583033,1.0
C1-g1real,15,1.7532179101937,1.0
C1-g1real,15,2.1507819461357,1.0
C1-g1real,15,2.5474029378566,1.0
C1-g1real,15,2.9435742142725,1.0
C1-g1real,16,-2.7690344640086,1.0
C1-g1real,16,-2.3962606474835,1.0
C1-g1real,16,-2.0229875377644,1.0
C1-g1real,16,-1.6487438058346,1.0
C1-g1real,16,-1.2725670106369,1.0
C1-g1real,16,-0.89196711131627,1.0
C1-g1real,16,-0.49747259617888,1.0
C1-g1real,16,0.0,1.0
C1-g1real,16,0.49747259617888,1.0
C1-g1real,16,0.89196711131627,1.0
C1-g1real,16,1.2725670106369,1.0
C1-g1real,16,1.6487438058346,1.0
C1-g1real,16,2.0229875377644,1.0
C1-g1real,16,2.3962606474835,1.0
C1-g1real,16,2.7690344640086,1.0
C1-g1real,16,3.1415926535898,1.0
C1-g1real,17,-2.9657594178933,1.0
C1-g1real,17,-2.6140110742433,1.0
C1-g1real,17,-2.2619953272047,1.0
C1-g1real,17,-1.9094478432274,1.0
C1-g1real,17,-1.5559119501257,1.0
C1-g1real,17,-1.2004409578014,1.0
C1-g1real,17,-0.84057735649129,1.0
C1-g1real,17,-0.46702818645824,1.0
C1-g1real,17,0.0,1.0
C1-g1real,17,0.46702818645824,1.0
C1-g1real,17,0.84057735649129,1.0
C1-g1real,17,1.2004409578014,1.0
C1-g1real,17,1.5559119501257,1.0
C1-g1real,17,1.9094478432274,1.0
C1-g1real,17,2.2619953272047,1.0
C1-g1real,17,2.6140110742433,1.0
C1-g1real,17,2.9657594178933,1.0
C1-g1real,18,-2.8085596519593,1.0
C1-g1real,18,-2.4753921758891,1.0
C1-g1real,18,-2.1419228749245,1.0
C1-g1real,18,-1.8078999089059,1.0
C1-g1real,18,-1.4728769189584,1.0
C1-g1real,18,-1.1359197526157,1.0
C1-g1real,18,-0.79460064240938,1.0
C1-g1real,18,-0.43980798242171,1.0
C1-g1real,18,0.0,1.0
C1-g1real,18,0.43980798242171,1.0
C1-g1real,18,0.79460064240938,1.0
C1-g1real,18,1.1359197526157,1.0
C1-g1real,18,1.4728769189584,1.0
C1-g1real,18,1.8078999089059,1.0
C1-g1real,18,2.1419228749245,1.0
C1-g1real,18,2.4753921758891,1.0
C1-g1real,18,2.8085596519593,1.0
C1-g1real,18,3.1415926535898,1.0
C1-g1real,19,-2.9834687292595,1.0
C1-g1real,19,-2.6671680281906,1.0
C1-g1real,19,-2.3506975975333,1.0
C1-g1real,19,-2.0339016729216,1.0
C1-g1real,19,-1.7165368932482,1.0
C1-g1real,19,-1.3981645350037,1.0
C1-g1real,19,-1.077860961302,1.0
C1-g1real,19,-0.7532266751116,1.0
C1-g1real,19,-0.41533688937629,1.0
C1-g1real,19,0.0,1.0
C1-g1real,19,0.41533688937629,1.0
C1-g1real,19,0.7532266751116,1.0
C1-g1real,19,1.077860961302,1.0
C1-g1real,19,1.3981645350037,1.0
C1-g1real,19,1.7165368932482,1.0
C1-g1real,19,2.0339016729216,1.0
C1-g1real,19,2.3506975975333,1.0
C1-g1real,19,2.6671680281906,1.0
C1-g1real,19,2.9834687292595,1.0
C1-g1real,20,-2.8404938510881,1.0
C1-g1real,20,-2.5393066040842,1.0
C1-g1real,20,-2.2379251777606,1.0
C1-g1real,20,-1.9362015349436,1.0
C1-g1real,20,-1.6338983300604,1.0
C1-g1real,20,-1.330582773196,1.0
C1-g1real,20,-1.0253404756098,1.0
C1-g1real,20,-0.71579963917674,1.0
C1-g1real,20,-0.39322933568866,1.0
C1-g1real,20,0.0,1.0
C1-g1real,20,0.39322933568866,1.0
C1-g1real,20,0.71579963917674,1.0
C1-g1real,20,1.0253404756098,1.0
C1-g1real,20,1.330582773196,1.0
C1-g1real,20,1.6338983300604,1.0
C1-g1real,20,1.9362015349436,1.0
C1-g1real,20,2.2379251777606,1.0
C1-g1real,20,2.5393066040842,1.0
C1-g1real,20,2.8404938510881,1.0
C1-g1real,20,3.1415926535898,1.0
C2-quartet,1,0.0,1.0
C2-quartet,2,-0.69036003043921,1.0
C2-quartet,2,0.69036003043921,1.0
C2-quartet,3,-0.72009885254801,1.0
C2-quartet,3,0.72009885254801,1.0
C2-quartet,3,3.1415926535898,1.0
C2-quartet,4,-2.469118441546,1.0
C2-quartet,4,-0.7325432114322,1.0
C2-quartet,4,0.7325432114322,1.0
C2-quartet,4,2.469118441546,1.0
C2-quartet,5,-2.0773313737083,1.0
C2-quartet,5,-0.71918592882021,1.0
C2-quartet,5,0.71918592882021,1.0
C2-quartet,5,2.0773313737083,1.0
C2-quartet,5,3.1415926535898,1.0
C2-quartet,6,-2.710939520348,1.0
C2-quartet,6,-1.8429907345354,1.0
C2-quartet,6,-0.70011534331503,1.0
C2-quartet,6,0.70011534331503,1.0
C2-quartet,6,1.8429907345354,1.0
C2-quartet,6,2.710939520348,1.0
C2-quartet,7,-2.4939798458081,1.0
C2-quartet,7,-1.7631212096196,1.0
C2-quartet,7,-0.69425993504798,1.0
C2-quartet,7,0.69425993504798,1.0
C2-quartet,7,1.7631212096196,1.0
C2-quartet,7,2.4939798458081,1.0
C2-quartet,7,3.1415926535898,1.0
C2-quartet,8,-2.419682649609,1.0
C2-quartet,8,-1.683402391274,1.0
C2-quartet,8,-0.70920045195502,1.0
C2-quartet,8,0.0,1.0
C2-quartet,8,0.70920045195502,1.0
C2-quartet,8,1.683402391274,1.0
C2-quartet,8,2.419682649609,1.0
C2-quartet,8,3.1415926535898,1.0
C2-quartet,9,-2.8241329157909,1.0
C2-quartet,9,-2.1873675621576,1.0
C2-quartet,9,-1.5396821237255,1.0
C2-quartet,9,-0.71410446204828,1.0
C2-quartet,9,0.0,1.0
C2-quartet,9,0.71410446204828,1.0
C2-quartet,9,1.5396821237255,1.0
C2-quartet,9,2.1873675621576,1.0
C2-quartet,9,2.8241329157909,1.0
C2-quartet,10,-2.5769177874866,1.0
C2-quartet,10,-2.0109625238272,1.0
C2-quartet,10,-1.4363056227877,1.0
C2-quartet,10,-0.7055276995509,1.0
C2-quartet,10,0.0,1.0
C2-quartet,10,0.7055276995509,1.0
C2-quartet,10,1.4363056227877,1.0
C2-quartet,10,2.0109625238272,1.0
C2-quartet,10,2.5769177874866,1.0
C2-quartet,10,3.1415926535898,1.0
C2-quartet,11,-2.8936902933343,1.0
C2-quartet,11,-2.3967843367035,1.0
C2-quartet,11,-1.8954070859604,1.0
C2-quartet,11,-1.3785283147857,1.0
C2-quartet,11,-0.69808319033905,1.0
C2-quartet,11,0.0,1.0
C2-quartet,11,0.69808319033905,1.0
C2-quartet,11,1.3785283147857,1.0
C2-quartet,11,1.8954070859604,1.0
C2-quartet,11,2.3967843367035,1.0
C2-quartet,11,2.8936902933343,1.0
C2-quartet,12,-2.8843352363667,1.0
C2-quartet,12,-2.3940780443183,1.0
C2-quartet,12,-1.8943015090355,1.0
C2-quartet,12,-1.3781380984089,1.0
C2-quartet,12,-0.69803706718817,1.0
C2-quartet,12,0.0,1.0
C2-quartet,12,0.69803706718817,1.0
C2-quartet,12,1.3781380984089,1.0
C2-quartet,12,1.8943015090355,1.0
C2-quartet,12,2.3940780443183,1.0
C2-quartet,12,2.8843352363667,1.0
C2-quartet,12,3.1415926535898,1.0
C2-quartet,13,-2.6873538156556,1.0
C2-quartet,13,-2.2319808907335,1.0
C2-quartet,13,-1.7731280776018,1.0
C2-quartet,13,-1.3017970509871,1.0
C2-quartet,13,-0.70826226855807,1.0
C2-quartet,13,-0.17351225692526,1.0
C2-quartet,13,0.17351225692526,1.0
C2-quartet,13,0.70826226855807,1.0
C2-quartet,13,1.3017970509871,1.0
C2-quartet,13,1.7731280776018,1.0
C2-quartet,13,2.2319808907335,1.0
C2-quartet,13,2.6873538156556,1.0
C2-quartet,13,3.1415926535898,1.0
C2-quartet,14,-2.932417221523,1.0
C2-quartet,14,-2.5138947796518,1.0
C2-quartet,14,-2.0946430321696,1.0
C2-quartet,14,-1.672962450471,1.0
C2-quartet,14,-1.2408888898721,1.0
C2-quartet,14,-0.70653134894039,1.0
C2-quartet,14,-0.19773059311481,1.0
C2-quartet,14,0.19773059311481,1.0
C2-quartet,14,0.70653134894039,1.0
C2-quartet,14,1.2408888898721,1.0
C2-quartet,14,1.672962450471,1.0
C2-quartet,14,2.0946430321696,1.0
C2-quartet,14,2.5138947796518,1.0
C2-quartet,14,2.932417221523,1.0
C2-quartet,15,-2.7568644620542,1.0
C2-quartet,15,-2.3720155558048,1.0
C2-quartet,15,-1.9865647302119,1.0
C2-quartet,15,-1.5986183916585,1.0
C2-quartet,15,-1.1993655972341,1.0
C2-quartet,15,-0.70072683052943,1.0
C2-quartet,15,-0.20340299408704,1.0
C2-quartet,15,0.20340299408704,1.0
C2-quartet,15,0.70072683052943,1.0
C2-quartet,15,1.1993655972341,1.0
C2-quartet,15,1.5986183916585,1.0
C2-quartet,15,1.9865647302119,1.0
C2-quartet,15,2.3720155558048,1.0
C2-quartet,15,2.7568644620542,1.0
C2-quartet,15,3.1415926535898,1.0
C2-quartet,16,-2.9730771031342,1.0
C2-quartet,16,-2.6332672963,1.0
C2-quartet,16,-2.2867200231497,1.0
C2-quartet,16,-1.931954793626,1.0
C2-quartet,16,-1.5675209427759,1.0
C2-quartet,16,-1.1851493545584,1.0
C2-quartet,16,-0.69834098240535,1.0
C2-quartet,16,-0.20415588611406,1.0
C2-quartet,16,0.20415588611406,1.0
C2-quartet,16,0.69834098240535,1.0
C2-quartet,16,1.1851493545584,1.0
C2-quartet,16,1.5675209427759,1.0
C2-quartet,16,1.931954793626,1.0
C2-quartet,16,2.2867200231497,1.0
C2-quartet,16,2.6332672963,1.0
C2-quartet,16,2.9730771031342,1.0
C2-quartet,17,-2.9647933157094,1.0
C2-quartet,17,-2.6109729884201,1.0
C2-quartet,17,-2.256385507273,1.0
C2-quartet,17,-1.9000583989268,1.0
C2-quartet,17,-1.5395900812324,1.0
C2-quartet,17,-1.1659702523563,1.0
C2-quartet,17,-0.70311401594014,1.0
C2-quartet,17,-0.26094915542463,1.0
C2-quartet,17,0.0,1.0
C2-quartet,17,0.26094915542463,1.0
C2-quartet,17,0.70311401594014,1.0
C2-quartet,17,1.1659702523563,1.0
C2-quartet,17,1.5395900812324,1.0
C2-quartet,17,1.9000583989268,1.0
C2-quartet,17,2.256385507273,1.0
C2-quartet,17,2.6109729884201,1.0
C2-quartet,17,2.9647933157094,1.0
C2-quartet,18,-2.8096452029186,1.0
C2-quartet,18,-2.4774913859947,1.0
C2-quartet,18,-2.1448097555602,1.0
C2-quartet,18,-1.8109078985436,1.0
C2-quartet,18,-1.4738302667735,1.0
C2-quartet,18,-1.125603127113,1.0
C2-quartet,18,-0.70583697053589,1.0
C2-quartet,18,-0.30481232214258,1.0
C2-quartet,18,0.0,1.0
C2-quartet,18,0.30481232214258,1.0
C2-quartet,18,0.70583697053589,1.0
C2-quartet,18,1.125603127113,1.0
C2-quartet,18,1.4738302667735,1.0
C2-quartet,18,1.8109078985436,1.0
C2-quartet,18,2.1448097555602,1.0
C2-quartet,18,2.4774913859947,1.0
C2-quartet,18,2.8096452029186,1.0
C2-quartet,18,3.1415926535898,1.0
C2-quartet,19,-2.9856978201632,1.0
C2-quartet,19,-2.6738874842756,1.0
C2-quartet,19,-2.3619848755893,1.0
C2-quartet,19,-2.0497941137639,1.0
C2-quartet,19,-1.7367404948842,1.0
C2-quartet,19,-1.4209496517109,1.0
C2-quartet,19,-1.0944661467308,1.0
C2-quartet,19,-0.70248826770731,1.0
C2-quartet,19,-0.31636961449758,1.0
C2-quartet,19,0.0,1.0
C2-quartet,19,0.31636961449758,1.0
C2-quartet,19,0.70248826770731,1.0
C2-quartet,19,1.0944661467308,1.0
C2-quartet,19,1.4209496517109,1.0
C2-quartet,19,1.7367404948842,1.0
C2-quartet,19,2.0497941137639,1.0
C2-quartet,19,2.3619848755893,1.0
C2-quartet,19,2.6738874842756,1.0
C2-quartet,19,2.9856978201632,1.0
C2-quartet,20,-2.8518481873816,1.0
C2-quartet,20,-2.5618781231114,1.0
C2-quartet,20,-2.2713861044035,1.0
C2-quartet,20,-1.9798840206944,1.0
C2-quartet,20,-1.686394585979,1.0
C2-quartet,20,-1.3884695176769,1.0
C2-quartet,20,-1.0773611353908,1.0
C2-quartet,20,-0.6992024651518,1.0
C2-quartet,20,-0.31870168074059,1.0
C2-quartet,20,0.0,1.0
C2-quartet,20,0.31870168074059,1.0
C2-quartet,20,0.6992024651518,1.0
C2-quartet,20,1.0773611353908,1.0
C2-quartet,20,1.3884695176769,1.0
C2-quartet,20,1.686394585979,1.0
C2-quartet,20,1.9798840206944,1.0
C2-quartet,20,2.2713861044035,1.0
C2-quartet,20,2.5618781231114,1.0
C2-quartet,20,2.8518481873816,1.0
C2-quartet,20,3.1415926535898,1.0
C3-twoquartets,1,0.0,1.0
C3-twoquartets,2,-1.1357066267287,1.0
C3-twoquartets,2,1.1357066267287,1.0
C3-twoquartets,3,-1.6330020692023,1.0
C3-twoquartets,3,0.0,1.0
C3-twoquartets,3,1.6330020692023,1.0
C3-twoquartets,4,-2.0604303410331,1.0
C3-twoquartets,4,-0.71509712068013,1.0
C3-twoquartets,4,0.71509712068013,1.0
C3-twoquartets,4,2.0604303410331,1.0
C3-twoquartets,5,-2.0068641689885,1.0
C3-twoquartets,5,-0.69091530133161,1.0
C3-twoquartets,5,0.69091530133161,1.0
C3-twoquartets,5,2.0068641689885,1.0
C3-twoquartets,5,3.1415926535898,1.0
C3-twoquartets,6,-2.0069066987083,1.0
C3-twoquartets,6,-0.69141729605522,1.0
C3-twoquartets,6,0.0,1.0
C3-twoquartets,6,0.69141729605522,1.0
C3-twoquartets,6,2.0069066987083,1.0
C3-twoquartets,6,3.1415926535898,1.0
C3-twoquartets,7,-2.9001045761527,1.0
C3-twoquartets,7,-1.990746819816,1.0
C3-twoquartets,7,-0.71063285376586,1.0
C3-twoquartets,7,0.0,1.0
C3-twoquartets,7,0.71063285376586,1.0
C3-twoquartets,7,1.990746819816,1.0
C3-twoquartets,7,2.9001045761527,1.0
C3-twoquartets,8,-2.8854745997151,1.0
C3-twoquartets,8,-1.9889522651523,1.0
C3-twoquartets,8,-0.733171572971,1.0
C3-twoquartets,8,-0.37596738544223,1.0
C3-twoquartets,8,0.37596738544223,1.0
C3-twoquartets,8,0.733171572971,1.0
C3-twoquartets,8,1.9889522651523,1.0
C3-twoquartets,8,2.8854745997151,1.0
C3-twoquartets,9,-2.8168940490307,1.0
C3-twoquartets,9,-2.0276268851463,1.0
C3-twoquartets,9,-1.3923385263755,1.0
C3-twoquartets,9,-0.7035805781382,1.0
C3-twoquartets,9,0.0,1.0
C3-twoquartets,9,0.7035805781382,1.0
C3-twoquartets,9,1.3923385263755,1.0
C3-twoquartets,9,2.0276268851463,1.0
C3-twoquartets,9,2.8168940490307,1.0
C3-twoquartets,10,-2.6549740277033,1.0
C3-twoquartets,10,-2.0009367490263,1.0
C3-twoquartets,10,-1.3438084374232,1.0
C3-twoquartets,10,-0.69125521889889,1.0
C3-twoquartets,10,0.0,1.0
C3-twoquartets,10,0.69125521889889,1.0
C3-twoquartets,10,1.3438084374232,1.0
C3-twoquartets,10,2.0009367490263,1.0
C3-twoquartets,10,2.6549740277033,1.0
C3-twoquartets,10,3.1415926535898,1.0
C3-twoquartets,11,-2.6402975683723,1.0
C3-twoquartets,11,-1.9998673189962,1.0
C3-twoquartets,11,-1.352041786783,1.0
C3-twoquartets,11,-0.70405135642488,1.0
C3-twoquartets,11,-0.13008426901272,1.0
C3-twoquartets,11,0.13008426901272,1.0
C3-twoquartets,11,0.70405135642488,1.0
C3-twoquartets,11,1.352041786783,1.0
C3-twoquartets,11,1.9998673189962,1.0
C3-twoquartets,11,2.6402975683723,1.0
C3-twoquartets,11,3.1415926535898,1.0
C3-twoquartets,12,-3.0108579027259,1.0
C3-twoquartets,12,-2.6093513823371,1.0
C3-twoquartets,12,-1.9960213862093,1.0
C3-twoquartets,12,-1.3512812544928,1.0
C3-twoquartets,12,-0.70678058162334,1.0
C3-twoquartets,12,-0.14362760976458,1.0
C3-twoquartets,12,0.14362760976458,1.0
C3-twoquartets,12,0.70678058162334,1.0
C3-twoquartets,12,1.3512812544928,1.0
C3-twoquartets,12,1.9960213862093,1.0
C3-twoquartets,12,2.6093513823371,1.0
C3-twoquartets,12,3.0108579027259,1.0
C3-twoquartets,13,-2.6538576186545,1.0
C3-twoquartets,13,-2.2532241345281,1.0
C3-twoquartets,13,-1.9841363860669,1.0
C3-twoquartets,13,-1.3482085725167,1.0
C3-twoquartets,13,-0.70783776401708,1.0
C3-twoquartets,13,-0.15018916487483,1.0
C3-twoquartets,13,0.15018916487483,1.0
C3-twoquartets,13,0.70783776401708,1.0
C3-twoquartets,13,1.3482085725167,1.0
C3-twoquartets,13,1.9841363860669,1.0
C3-twoquartets,13,2.2532241345281,1.0
C3-twoquartets,13,2.6538576186545,1.0
C3-twoquartets,13,3.1415926535898,1.0
C3-twoquartets,14,-2.9355735891398,1.0
C3-twoquartets,14,-2.5166032713685,1.0
C3-twoquartets,14,-2.0114715746682,1.0
C3-twoquartets,14,-1.5443703666379,1.0
C3-twoquartets,14,-1.1756636687192,1.0
C3-twoquartets,14,-0.69699631689668,1.0
C3-twoquartets,14,-0.20339300620811,1.0
C3-twoquartets,14,0.20339300620811,1.0
C3-twoquartets,14,0.69699631689668,1.0
C3-twoquartets,14,1.1756636687192,1.0
C3-twoquartets,14,1.5443703666379,1.0
C3-twoquartets,14,2.0114715746682,1.0
C3-twoquartets,14,2.5166032713685,1.0
C3-twoquartets,14,2.9355735891398,1.0
C3-twoquartets,15,-2.8361171266726,1.0
C3-twoquartets,15,-2.476532734554,1.0
C3-twoquartets,15,-2.0024050204101,1.0
C3-twoquartets,15,-1.533563122208,1.0
C3-twoquartets,15,-1.1587432499735,1.0
C3-twoquartets,15,-0.69307504567683,1.0
C3-twoquartets,15,-0.20531454429179,1.0
C3-twoquartets,15,0.20531454429179,1.0
C3-twoquartets,15,0.69307504567683,1.0
C3-twoquartets,15,1.1587432499735,1.0
C3-twoquartets,15,1.533563122208,1.0
C3-twoquartets,15,2.0024050204101,1.0
C3-twoquartets,15,2.476532734554,1.0
C3-twoquartets,15,2.8361171266726,1.0
C3-twoquartets,15,3.1415926535898,1.0
C3-twoquartets,16,-2.7994946019545,1.0
C3-twoquartets,16,-2.4440311201929,1.0
C3-twoquartets,16,-1.9976607177276,1.0
C3-twoquartets,16,-1.5427417025888,1.0
C3-twoquartets,16,-1.1601911168995,1.0
C3-twoquartets,16,-0.70521558907592,1.0
C3-twoquartets,16,-0.27708763338116,1.0
C3-twoquartets,16,0.0,1.0
C3-twoquartets,16,0.27708763338116,1.0
C3-twoquartets,16,0.70521558907592,1.0
C3-twoquartets,16,1.1601911168995,1.0
C3-twoquartets,16,1.5427417025888,1.0
C3-twoquartets,16,1.9976607177276,1.0
C3-twoquartets,16,2.4440311201929,1.0
C3-twoquartets,16,2.7994946019545,1.0
C3-twoquartets,16,3.1415926535898,1.0
C3-twoquartets,17,-3.0834889893037,1.0
C3-twoquartets,17,-2.7906179464589,1.0
C3-twoquartets,17,-2.4414747825855,1.0
C3-twoquartets,17,-1.9971997458413,1.0
C3-twoquartets,17,-1.542616532503,1.0
C3-twoquartets,17,-1.1599860729696,1.0
C3-twoquartets,17,-0.70540501965273,1.0
C3-twoquartets,17,-0.27806913498422,1.0
C3-twoquartets,17,0.0,1.0
C3-twoquartets,17,0.27806913498422,1.0
C3-twoquartets,17,0.70540501965273,1.0
C3-twoquartets,17,1.1599860729696,1.0
C3-twoquartets,17,1.542616532503,1.0
C3-twoquartets,17,1.9971997458413,1.0
C3-twoquartets,17,2.4414747825855,1.0
C3-twoquartets,17,2.7906179464589,1.0
C3-twoquartets,17,3.0834889893037,1.0
C3-twoquartets,18,-2.7959259679195,1.0
C3-twoquartets,18,-2.4398928897148,1.0
C3-twoquartets,18,-2.0138366071415,1.0
C3-twoquartets,18,-1.6833413614117,1.0
C3-twoquartets,18,-1.4690308501015,1.0
C3-twoquartets,18,-1.1323361537164,1.0
C3-twoquartets,18,-0.7059915355164,1.0
C3-twoquartets,18,-0.29998260809308,1.0
C3-twoquartets,18,0.0,1.0
C3-twoquartets,18,0.29998260809308,1.0
C3-twoquartets,18,0.7059915355164,1.0
C3-twoquartets,18,1.1323361537164,1.0
C3-twoquartets,18,1.4690308501015,1.0
C3-twoquartets,18,1.6833413614117,1.0
C3-twoquartets,18,2.0138366071415,1.0
C3-twoquartets,18,2.4398928897148,1.0
C3-twoquartets,18,2.7959259679195,1.0
C3-twoquartets,18,3.1415926535898,1.0
C3-twoquartets,19,-2.991407158133,1.0
C3-twoquartets,19,-2.6890100104711,1.0
C3-twoquartets,19,-2.3760403824962,1.0
C3-twoquartets,19,-2.0038789405943,1.0
C3-twoquartets,19,-1.6410625149817,1.0
C3-twoquartets,19,-1.3476406996833,1.0
C3-twoquartets,19,-1.055654531551,1.0
C3-twoquartets,19,-0.69435597969699,1.0
C3-twoquartets,19,-0.31980063478105,1.0
C3-twoquartets,19,0.0,1.0
C3-twoquartets,19,0.31980063478105,1.0
C3-twoquartets,19,0.69435597969699,1.0
C3-twoquartets,19,1.055654531551,1.0
C3-twoquartets,19,1.3476406996833,1.0
C3-twoquartets,19,1.6410625149817,1.0
C3-twoquartets,19,2.0038789405943,1.0
C3-twoquartets,19,2.3760403824962,1.0
C3-twoquartets,19,2.6890100104711,1.0
C3-twoquartets,19,2.991407158133,1.0
C3-twoquartets,20,-2.9909623926231,1.0
C3-twoquartets,20,-2.6878814361861,1.0
C3-twoquartets,20,-2.3748573462498,1.0
C3-twoquartets,20,-2.004417834611,1.0
C3-twoquartets,20,-1.6440160829014,1.0
C3-twoquartets,20,-1.3506620121363,1.0
C3-twoquartets,20,-1.0569702630116,1.0
C3-twoquartets,20,-0.69628463591092,1.0
C3-twoquartets,20,-0.32841192535641,1.0
C3-twoquartets,20,-0.055238037254097,1.0
C3-twoquartets,20,0.055238037254097,1.0
C3-twoquartets,20,0.32841192535641,1.0
C3-twoquartets,20,0.69628463591092,1.0
C3-twoquartets,20,1.0569702630116,1.0
C3-twoquartets,20,1.3506620121363,1.0
C3-twoquartets,20,1.6440160829014,1.0
C3-twoquartets,20,2.004417834611,1.0
C3-twoquartets,20,2.3748573462498,1.0
C3-twoquartets,20,2.6878814361861,1.0
C3-twoquartets,20,2.9909623926231,1.0
C4-mixed,1,0.0,1.0
C4-mixed,2,-0.86001440421823,1.0
C4-mixed,2,0.86001440421823,1.0
C4-mixed,3,-1.2261976273577,1.0
C4-mixed,3,0.0,1.0
C4-mixed,3,1.2261976273577,1.0
C4-mixed,4,-2.14798106059,1.0
C4-mixed,4,-0.74541064029794,1.0
C4-mixed,4,0.74541064029794,1.0
C4-mixed,4,2.14798106059,1.0
C4-mixed,5,-2.0352143843838,1.0
C4-mixed,5,-0.7197205933081,1.0
C4-mixed,5,0.7197205933081,1.0
C4-mixed,5,2.0352143843838,1.0
C4-mixed,5,3.1415926535898,1.0
C4-mixed,6,-2.6974269782975,1.0
C4-mixed,6,-1.9174375922634,1.0
C4-mixed,6,-0.70163272667463,1.0
C4-mixed,6,0.70163272667463,1.0
C4-mixed,6,1.9174375922634,1.0
C4-mixed,6,2.6974269782975,1.0
C4-mixed,7,-2.4115261201772,1.0
C4-mixed,7,-1.846204815464,1.0
C4-mixed,7,-0.69561391049621,1.0
C4-mixed,7,0.69561391049621,1.0
C4-mixed,7,1.846204815464,1.0
C4-mixed,7,2.4115261201772,1.0
C4-mixed,7,3.1415926535898,1.0
C4-mixed,8,-2.358401364846,1.0
C4-mixed,8,-1.7729721565075,1.0
C4-mixed,8,-0.70789177932492,1.0
C4-mixed,8,0.0,1.0
C4-mixed,8,0.70789177932492,1.0
C4-mixed,8,1.7729721565075,1.0
C4-mixed,8,2.358401364846,1.0
C4-mixed,8,3.1415926535898,1.0
C4-mixed,9,-2.8191693301691,1.0
C4-mixed,9,-2.1417778650361,1.0
C4-mixed,9,-1.5583387732231,1.0
C4-mixed,9,-0.71485690222215,1.0
C4-mixed,9,0.0,1.0
C4-mixed,9,0.71485690222215,1.0
C4-mixed,9,1.5583387732231,1.0
C4-mixed,9,2.1417778650361,1.0
C4-mixed,9,2.8191693301691,1.0
C4-mixed,10,-2.5768774349989,1.0
C4-mixed,10,-2.008263170637,1.0
C4-mixed,10,-1.4363483301639,1.0
C4-mixed,10,-0.70553171349368,1.0
C4-mixed,10,0.0,1.0
C4-mixed,10,0.70553171349368,1.0
C4-mixed,10,1.4363483301639,1.0
C4-mixed,10,2.008263170637,1.0
C4-mixed,10,2.5768774349989,1.0
C4-mixed,10,3.1415926535898,1.0
C4-mixed,11,-2.8922298139451,1.0
C4-mixed,11,-2.3904078116879,1.0
C4-mixed,11,-1.9167327412698,1.0
C4-mixed,11,-1.3805406972796,1.0
C4-mixed,11,-0.69828087814698,1.0
C4-mixed,11,0.0,1.0
C4-mixed,11,0.69828087814698,1.0
C4-mixed,11,1.3805406972796,1.0
C4-mixed,11,1.9167327412698,1.0
C4-mixed,11,2.3904078116879,1.0
C4-mixed,11,2.8922298139451,1.0
C4-mixed,12,-2.8596699494192,1.0
C4-mixed,12,-2.3795343885162,1.0
C4-mixed,12,-1.9131421301927,1.0
C4-mixed,12,-1.3791712553325,1.0
C4-mixed,12,-0.69811646887555,1.0
C4-mixed,12,0.0,1.0
C4-mixed,12,0.69811646887555,1.0
C4-mixed,12,1.3791712553325,1.0
C4-mixed,12,1.9131421301927,1.0
C4-mixed,12,2.3795343885162,1.0
C4-mixed,12,2.8596699494192,1.0
C4-mixed,12,3.1415926535898,1.0
C4-mixed,13,-2.6840693150042,1.0
C4-mixed,13,-2.2170761348328,1.0
C4-mixed,13,-1.7891277424523,1.0
C4-mixed,13,-1.3058280418252,1.0
C4-mixed,13,-0.70830292750968,1.0
C4-mixed,13,-0.17188568755996,1.0
C4-mixed,13,0.17188568755996,1.0
C4-mixed,13,0.70830292750968,1.0
C4-mixed,13,1.3058280418252,1.0
C4-mixed,13,1.7891277424523,1.0
C4-mixed,13,2.2170761348328,1.0
C4-mixed,13,2.6840693150042,1.0
C4-mixed,13,3.1415926535898,1.0
C4-mixed,14,-2.9320719137423,1.0
C4-mixed,14,-2.5125303114054,1.0
C4-mixed,14,-2.0853941065661,1.0
C4-mixed,14,-1.6755879533153,1.0
C4-mixed,14,-1.2417321968596,1.0
C4-mixed,14,-0.7066243292939,1.0
C4-mixed,14,-0.1976180777764,1.0
C4-mixed,14,0.1976180777764,1.0
C4-mixed,14,0.7066243292939,1.0
C4-mixed,14,1.2417321968596,1.0
C4-mixed,14,1.6755879533153,1.0
C4-mixed,14,2.0853941065661,1.0
C4-mixed,14,2.5125303114054,1.0
C4-mixed,14,2.9320719137423,1.0
C4-mixed,15,-2.7568489269585,1.0
C4-mixed,15,-2.3719695500503,1.0
C4-mixed,15,-1.9878914695603,1.0
C4-mixed,15,-1.5986557289333,1.0
C4-mixed,15,-1.199377751907,1.0
C4-mixed,15,-0.70072869227112,1.0
C4-mixed,15,-0.20340242401573,1.0
C4-mixed,15,0.20340242401573,1.0
C4-mixed,15,0.70072869227112,1.0
C4-mixed,15,1.199377751907,1.0
C4-mixed,15,1.5986557289333,1.0
C4-mixed,15,1.9878914695603,1.0
C4-mixed,15,2.3719695500503,1.0
C4-mixed,15,2.7568489269585,1.0
C4-mixed,15,3.1415926535898,1.0
C4-mixed,16,-2.9727790510608,1.0
C4-mixed,16,-2.6323742284688,1.0
C4-mixed,16,-2.284816410088,1.0
C4-mixed,16,-1.937651901233,1.0
C4-mixed,16,-1.5680396815237,1.0
C4-mixed,16,-1.1852795948829,1.0
C4-mixed,16,-0.69835968636398,1.0
C4-mixed,16,-0.20415350261533,1.0
C4-mixed,16,0.20415350261533,1.0
C4-mixed,16,0.69835968636398,1.0
C4-mixed,16,1.1852795948829,1.0
C4-mixed,16,1.5680396815237,1.0
C4-mixed,16,1.937651901233,1.0
C4-mixed,16,2.284816410088,1.0
C4-mixed,16,2.6323742284688,1.0
C4-mixed,16,2.9727790510608,1.0
C4-mixed,17,-2.9645941864485,1.0
C4-mixed,17,-2.6102477149638,1.0
C4-mixed,17,-2.2541085926887,1.0
C4-mixed,17,-1.9062590291402,1.0
C4-mixed,17,-1.5408215364867,1.0
C4-mixed,17,-1.1664961137144,1.0
C4-mixed,17,-0.70308443566398,1.0
C4-mixed,17,-0.26031171023004,1.0
C4-mixed,17,0.0,1.0
C4-mixed,17,0.26031171023004,1.0
C4-mixed,17,0.70308443566398,1.0
C4-mixed,17,1.1664961137144,1.0
C4-mixed,17,1.5408215364867,1.0
C4-mixed,17,1.9062590291402,1.0
C4-mixed,17,2.2541085926887,1.0
C4-mixed,17,2.6102477149638,1.0
C4-mixed,17,2.9645941864485,1.0
C4-mixed,18,-2.8092716760738,1.0
C4-mixed,18,-2.476498772404,1.0
C4-mixed,18,-2.1408894990695,1.0
C4-mixed,18,-1.8139761026638,1.0
C4-mixed,18,-1.4748035943962,1.0
C4-mixed,18,-1.1260357419917,1.0
C4-mixed,18,-0.70587135584774,1.0
C4-mixed,18,-0.30463964228781,1.0
C4-mixed,18,0.0,1.0
C4-mixed,18,0.30463964228781,1.0
C4-mixed,18,0.70587135584774,1.0
C4-mixed,18,1.1260357419917,1.0
C4-mixed,18,1.4748035943962,1.0
C4-mixed,18,1.8139761026638,1.0
C4-mixed,18,2.1408894990695,1.0
C4-mixed,18,2.476498772404,1.0
C4-mixed,18,2.8092716760738,1.0
C4-mixed,18,3.1415926535898,1.0
C4-mixed,19,-2.9856693876769,1.0
C4-mixed,19,-2.6737899251456,1.0
C4-mixed,19,-2.3617474201945,1.0
C4-mixed,19,-2.0479123336354,1.0
C4-mixed,19,-1.7370815651199,1.0
C4-mixed,19,-1.4210785424914,1.0
C4-mixed,19,-1.094522147553,1.0
C4-mixed,19,-0.70249805757541,1.0
C4-mixed,19,-0.31636186004066,1.0
C4-mixed,19,0.0,1.0
C4-mixed,19,0.31636186004066,1.0
C4-mixed,19,0.70249805757541,1.0
C4-mixed,19,1.094522147553,1.0
C4-mixed,19,1.4210785424914,1.0
C4-mixed,19,1.7370815651199,1.0
C4-mixed,19,2.0479123336354,1.0
C4-mixed,19,2.3617474201945,1.0
C4-mixed,19,2.6737899251456,1.0
C4-mixed,19,2.9856693876769,1.0
C4-mixed,20,-2.8518369106907,1.0
C4-mixed,20,-2.5618520110083,1.0
C4-mixed,20,-2.2713261870675,1.0
C4-mixed,20,-1.9806370440293,1.0
C4-mixed,20,-1.6864337104719,1.0
C4-mixed,20,-1.3884835326876,1.0
C4-mixed,20,-1.0773663908144,1.0
C4-mixed,20,-0.6992035080768,1.0
C4-mixed,20,-0.31870143271491,1.0
C4-mixed,20,0.0,1.0
C4-mixed,20,0.31870143271491,1.0
C4-mixed,20,0.6992035080768,1.0
C4-mixed,20,1.0773663908144,1.0
C4-mixed,20,1.3884835326876,1.0
C4-mixed,20,1.6864337104719,1.0
C4-mixed,20,1.9806370440293,1.0
C4-mixed,20,2.2713261870675,1.0
C4-mixed,20,2.5618520110083,1.0
C4-mixed,20,2.8518369106907,1.0
C4-mixed,20,3.1415926535898,1.0
