L,sector,convention,N,dps,A_inertia,M_inertia,S_inertia,A_neg,M_neg,S_psd,split_residual
0.5,even_d,I,12,40,"(1, 0, 11)","(6, 0, 6)","(0, 0, 12)",1,6,True,0.0
0.5,even_d,II,12,40,"(0, 0, 12)","(0, 0, 12)","(0, 0, 12)",0,0,True,0.0
0.5,even,I,12,40,"(1, 0, 11)","(6, 0, 6)","(0, 0, 12)",1,6,True,0.0
0.5,even,II,12,40,"(0, 0, 12)","(0, 0, 12)","(0, 0, 12)",0,0,True,0.0
0.5,odd,I,12,40,"(1, 0, 11)","(6, 0, 6)","(0, 0, 12)",1,6,True,0.0
0.5,odd,II,12,40,"(0, 0, 12)","(0, 0, 12)","(0, 0, 12)",0,0,True,0.0
0.8,even_d,I,12,40,"(1, 0, 11)","(6, 0, 6)","(0, 0, 12)",1,6,True,0.0
0.8,even_d,II,12,40,"(0, 0, 12)","(0, 0, 12)","(0, 0, 12)",0,0,True,0.0
0.8,even,I,12,40,"(1, 0, 11)","(6, 0, 6)","(0, 0, 12)",1,6,True,0.0
0.8,even,II,12,40,"(0, 0, 12)","(0, 0, 12)","(0, 0, 12)",0,0,True,0.0
0.8,odd,I,12,40,"(1, 0, 11)","(7, 0, 5)","(0, 0, 12)",1,7,True,0.0
0.8,odd,II,12,40,"(0, 0, 12)","(0, 0, 12)","(0, 0, 12)",0,0,True,0.0
1.0,even_d,I,12,40,"(1, 0, 11)","(5, 0, 7)","(0, 0, 12)",1,5,True,0.0
1.0,even_d,II,12,40,"(0, 0, 12)","(1, 0, 11)","(0, 0, 12)",0,1,True,0.0
1.0,even,I,12,40,"(1, 0, 11)","(5, 0, 7)","(0, 0, 12)",1,5,True,0.0
1.0,even,II,12,40,"(0, 0, 12)","(1, 0, 11)","(0, 0, 12)",0,1,True,0.0
1.0,odd,I,12,40,"(2, 0, 10)","(7, 0, 5)","(0, 0, 12)",2,7,True,0.0
1.0,odd,II,12,40,"(1, 0, 11)","(2, 0, 10)","(0, 0, 12)",1,2,True,0.0
1.28247467873,even_d,I,12,40,"(2, 0, 10)","(5, 0, 7)","(0, 0, 12)",2,5,True,0.0
1.28247467873,even_d,II,12,40,"(0, 0, 12)","(2, 0, 10)","(0, 0, 12)",0,2,True,0.0
1.28247467873,even,I,12,40,"(2, 0, 10)","(5, 0, 7)","(0, 0, 12)",2,5,True,0.0
1.28247467873,even,II,12,40,"(0, 0, 12)","(2, 0, 10)","(0, 0, 12)",0,2,True,0.0
1.28247467873,odd,I,12,40,"(2, 0, 10)","(6, 0, 6)","(0, 0, 12)",2,6,True,0.0
1.28247467873,odd,II,12,40,"(1, 0, 11)","(3, 0, 9)","(0, 0, 12)",1,3,True,0.0
