eps,rho,lam_R1,lam_R10,lam_R100,R_for_floor_1e-16,R_for_floor_1e-17,R_for_floor_1e-30,R_for_floor_1e-50
0.1,1.1,-0.00909091,-2.10898,-79301.6,1,1,1,1
0.01,1.01,-9.90099e-5,-0.0217948,-17.8791,1,1,1,1
0.001,1.001,-9.99001e-7,-0.000219782,-0.171616,1,1,1,1
0.0001,1.0001,-9.999e-9,-2.19978e-6,-0.00171684,1,1,1,1
1.0e-5,1.00001,-9.9999e-11,-2.19998e-8,-1.71698e-5,1,1,1,1
1.0e-6,1.000001,-9.99999e-13,-2.2e-10,-1.717e-7,1,1,1,1
1.0e-7,1.0000001,-1.0e-14,-2.2e-12,-1.717e-9,1,1,1,1
1.0e-8,1.00000001,-1.0e-16,-2.2e-14,-1.717e-11,2,1,1,1
1.0e-9,1.000000001,-1.0e-18,-2.2e-16,-1.717e-13,8,4,1,1
1.0e-10,1.0000000001,-1.0e-20,-2.2e-18,-1.717e-15,39,18,1,1
1.0e-11,1.00000000001,-1.0e-22,-2.2e-20,-1.717e-17,181,84,1,1
1.0e-12,1.000000000001,-1.0e-24,-2.2e-22,-1.717e-19,843,391,1,1
