L,dps,n,gamma_n,Tstar,gamma_over_Tstar,dim,kstar,delta,lam_star,lam_min_perturbed,C,C_over_CS,detected
1.0,140,1,14.1347251417,46.42680871,0.30445179,24,4,0.019999999999999999999999999999999630221450677650716213252235023693954840684483542645466513931751251220703125,2.379025453e-29,-0.000344713546,0.861783865,0.6463379,yes
1.0,140,5,32.9350615877,46.42680871,0.70939749,24,10,0.02,2.379025453e-29,-5.481408347e-6,0.01370352087,0.010277641,yes
1.0,140,10,49.7738324777,46.42680871,1.0720925,24,15,0.02,2.379025453e-29,-1.145402132e-15,2.863505329e-12,2.147629e-12,yes
1.0,140,20,77.1448400689,46.42680871,1.6616443,31,24,0.02,1.034843169e-29,1.034672134e-29,-2.586680335e-26,-1.9400103e-26,no
1.0,140,30,101.317851006,46.42680871,2.1823135,37,32,0.02,1.67009382e-29,1.670545855e-29,-4.176364638e-26,-3.1322735e-26,no
1.0,140,50,143.111845808,46.42680871,3.082526,37,45,0.02,2.142259726e-29,2.151863002e-29,-5.379657504e-26,-4.0347431e-26,no
1.4,180,1,14.1347251417,103.324763,0.13679901,24,6,0.0200000000000000000000000000000000000000000000000000000000000000000000000000000000000000000000000000000000000000000000000000000000000000000000065604258862959851091708648329592061812,3.349854725e-47,-0.001209711166,3.024277915,0.82660657,yes
1.4,180,5,32.9350615877,103.324763,0.31875284,24,14,0.02,3.349854725e-47,-0.0007167343781,1.791835945,0.48975108,yes
1.4,180,10,49.7738324777,103.324763,0.4817222,29,22,0.02,1.43860785e-52,-0.0001913458234,0.4783645585,0.13074833,yes
1.4,180,20,77.1448400689,103.324763,0.74662489,37,34,0.02,1.380159967e-54,-1.191057772e-16,2.97764443e-13,8.1386054e-14,yes
1.4,180,30,101.317851006,103.324763,0.98057666,37,45,0.02,1.644216331e-47,1.636008758e-47,-4.090021896e-44,-1.1178996e-44,no
1.4,180,50,143.111845808,103.324763,1.3850682,37,63,0.02,3.072334597e-47,3.073985029e-47,-7.684962574e-44,-2.1004818e-44,no
1.8,220,1,14.1347251417,229.9534889,0.061467757,24,8,0.01999999999999999999999999999999999999999999999999999999999999999999999999999999999999999999999999999999999999999999999999999999999999999999999999999999999999999999999999999999999999894566005901748819848842185981327734031,3.985677968e-59,-0.002852842751,7.132106876,0.91719481,yes
1.8,220,5,32.9350615877,229.9534889,0.14322488,25,18,0.02,5.625647921e-61,-0.00231095207,5.777380175,0.74297585,yes
1.8,220,10,49.7738324777,229.9534889,0.21645174,35,28,0.02,3.670622404e-76,-0.00146427869,3.660696725,0.47076861,yes
1.8,220,20,77.1448400689,229.9534889,0.33548019,37,44,0.02,1.431293951e-65,-0.000313735402,0.7843385051,0.10086658,yes
1.8,220,30,101.317851006,229.9534889,0.4406015,37,58,0.02,6.908317839e-60,-0.001018671081,2.546677702,0.32750485,yes
1.8,220,50,143.111845808,229.9534889,0.62235127,37,81,0.02,2.920324466e-59,2.901775281e-59,-7.254438204e-56,-9.3292672e-57,no
