R,size,dps,lam_min,lam_min_sign,lam_min_dps2,lam_min_err_est,sign_certain,prec_stable,lam_min_float64,float64_sign,gap_lam2_lam1,lam_min_simple,parity,parity_residual,n_zeros,H1_max_abs_zero_minus_1,H1_applicable,H1_holds,H4_zero_to_theta,H4_theta_to_zero,inertia,inertia_neg,inertia_zero,inertia_pos,inertia_tol,curve,q,g,rank_pred_theory,H2_kernel_vec_err
0,1,30,2.0,pos,2.0,2.0e-55,True,True,2.0000e+00,pos,+inf,True,even,0.0,0,0.0,True,True,,,"(0,0,1)",0,0,1,2.0e-20,E5,5,1,1,
1,2,30,1.105572809,pos,1.105572809,1.972e-31,True,True,1.1056e+00,pos,1.7888544,True,odd,0.0,1,0.0,True,True,1.10715,1.10715,"(0,0,2)",0,0,2,2.894e-20,E5,5,1,2,
2,3,30,3.42975209254e-31,zero,-2.73425123068e-31,6.164e-31,False,False,-5.1481e-16,neg,2.8,True,even,1.395e-31,2,9.86076e-32,True,True,0.0,0.0,"(0,1,2)",0,1,2,3.2e-20,E5,5,1,2,9.86076e-32
3,4,30,-1.30662268014e-31,zero,-4.04244017747e-31,2.736e-31,False,False,1.2451e-16,pos,6.0645118e-31,False,mixed,1.373,3,1.5933,False,,2.03444,0.0,"(0,2,2)",0,2,2,5.073e-20,E5,5,1,2,
4,5,30,-2.69631949841e-31,zero,-4.78928851341e-31,2.093e-31,False,False,-4.1303e-16,neg,7.2416724e-32,False,mixed,0.6701,4,0.408693,False,,1.09932,0.0,"(0,3,2)",0,3,2,5.76e-20,E5,5,1,2,
0,1,30,4.0,pos,4.0,4.0e-55,True,True,4.0000e+00,pos,+inf,True,even,0.0,0,0.0,True,True,,,"(0,0,1)",0,0,1,4.0e-20,H2F3,3,2,1,
1,2,30,2.84529946162,pos,2.84529946162,1.972e-31,True,True,2.8453e+00,pos,2.3094011,True,even,0.0,1,0.0,True,True,0.955317,1.5708,"(0,0,2)",0,0,2,5.155e-20,H2F3,3,2,2,
2,3,30,0.558481559888,pos,0.558481559888,6.785e-31,True,True,5.5848e-01,pos,4.2163702,True,even,1.395e-31,2,0.0,True,True,0.273322,0.342158,"(0,0,3)",0,0,3,6.667e-20,H2F3,3,2,3,
3,4,30,0.265043666646,pos,0.265043666646,6.067e-31,True,True,2.6504e-01,pos,1.1921841,True,even,1.888e-30,3,2.07076e-30,True,True,0.955317,0.372597,"(0,0,4)",0,0,4,8.505e-20,H2F3,3,2,4,
4,5,30,-1.49641913029e-30,zero,2.39545529539e-31,1.736e-30,False,False,2.5310e-15,pos,1.375247,True,even,6.578e-31,4,4.93038e-31,True,True,7.88861e-31,7.88861e-31,"(0,1,4)",0,1,4,8.561e-20,H2F3,3,2,4,5.42342e-31
5,6,30,-1.57869962747e-30,zero,-1.41927708162e-31,1.437e-30,False,False,-1.2719e-15,neg,1.9741079e-30,False,mixed,0.6755,5,0.213966,False,,1.5708,1.97215e-31,"(0,2,4)",0,2,4,9.878e-20,H2F3,3,2,4,
6,7,30,-3.46291402317e-30,zero,-1.93307804024e-31,3.27e-30,False,False,-5.4746e-16,neg,2.7570898e-30,False,mixed,1.067,6,0.712301,False,,1.5708,3.9443e-31,"(0,3,4)",0,3,4,1.016e-19,H2F3,3,2,4,
7,8,30,-3.36747374397e-30,zero,-5.98928004892e-31,2.769e-30,False,False,-2.8219e-15,neg,2.5369258e-30,False,mixed,0.7734,7,0.13679,False,,1.15868,0.0,"(0,4,4)",0,4,4,1.02e-19,H2F3,3,2,4,
8,9,30,-3.30963993055e-30,zero,-6.40610836999e-31,2.669e-30,False,False,-3.0375e-15,neg,2.2712959e-30,False,mixed,1.405,8,0.622836,False,,1.5708,0.0,"(0,5,4)",0,5,4,1.023e-19,H2F3,3,2,4,
0,1,30,6.0,pos,6.0,6.0e-55,True,True,6.0000e+00,pos,+inf,True,even,0.0,0,0.0,True,True,,,"(0,0,1)",0,0,1,6.0e-20,G3F5,5,3,1,
1,2,30,4.6583592135,pos,4.6583592135,7.342e-55,True,True,4.6584e+00,pos,2.6832816,True,even,0.0,1,0.0,True,True,0.608403,2.0971,"(0,0,2)",0,0,2,7.342e-20,G3F5,5,3,2,
2,3,30,3.0,pos,3.0,1.862e-30,True,True,3.0000e+00,pos,4.2,True,even,2.789e-31,2,1.97215e-31,True,True,0.103297,0.989955,"(0,0,3)",0,0,3,7.8e-20,G3F5,5,3,3,
3,4,30,2.22021142917,pos,2.22021142917,5.952e-31,True,True,2.2202e+00,pos,3.3901117,True,even,6.428e-31,3,2.95823e-31,True,True,0.608403,0.671081,"(0,0,4)",0,0,4,8.706e-20,G3F5,5,3,4,
4,5,30,0.889166093106,pos,0.889166093106,4.61e-32,True,True,8.8917e-01,pos,4.1684327,True,even,7.111e-31,4,2.95823e-31,True,True,0.204737,0.419594,"(0,0,5)",0,0,5,9.668e-20,G3F5,5,3,5,
5,6,30,0.335241225781,pos,0.335241225781,6.093e-31,True,True,3.3524e-01,pos,2.992607,True,even,7.542e-31,5,7.88861e-31,True,True,0.608403,0.343869,"(0,0,6)",0,0,6,1.05e-19,G3F5,5,3,6,
6,7,30,-2.35962540665e-31,zero,-5.4252773696e-31,3.066e-31,False,False,1.0619e-15,pos,3.2964254,True,even,7.51e-31,6,1.97215e-31,True,True,3.9443e-31,3.9443e-31,"(0,1,6)",0,1,6,1.062e-19,G3F5,5,3,6,2.46519e-31
7,8,30,-1.62208593753e-30,zero,-1.42337327261e-30,1.987e-31,False,False,1.1063e-17,pos,1.949947e-30,False,mixed,0.731,7,0.163371,False,,1.04449,3.9443e-31,"(0,2,6)",0,2,6,1.077e-19,G3F5,5,3,6,
8,9,30,-3.83916456329e-30,zero,-1.71700430041e-30,2.122e-30,False,False,-9.6134e-17,neg,3.7758149e-30,False,mixed,1.202,8,17.5359,False,,1.04449,1.97215e-31,"(0,3,6)",0,3,6,1.218e-19,G3F5,5,3,6,
9,10,30,-4.93341074936e-30,zero,-1.72851810365e-30,3.205e-30,False,False,-1.8737e-15,neg,2.4131793e-30,False,mixed,0.6902,9,0.233161,False,,0.779178,0.0,"(0,4,6)",0,4,6,1.374e-19,G3F5,5,3,6,
10,11,30,-4.98921992515e-30,zero,-2.00157892615e-30,2.988e-30,False,False,-1.0407e-15,neg,3.2513025e-30,False,mixed,0.9646,10,0.261071,False,,1.04449,0.0,"(0,5,6)",0,5,6,1.538e-19,G3F5,5,3,6,
11,12,30,-8.00671780081e-30,zero,-2.48367011651e-30,5.523e-30,False,False,-1.5387e-15,neg,4.9925497e-30,False,mixed,1.137,11,0.349168,False,,0.751527,0.0,"(0,6,6)",0,6,6,1.622e-19,G3F5,5,3,6,
12,13,30,-6.77563512843e-30,zero,-3.1866330313e-30,3.589e-30,False,False,-2.9443e-15,neg,2.8385556e-30,False,mixed,0.8083,12,0.164672,False,,1.04449,0.0,"(0,7,6)",0,7,6,1.733e-19,G3F5,5,3,6,
0,1,30,6.0,pos,6.0,6.0e-55,True,True,6.0000e+00,pos,+inf,True,even,0.0,0,0.0,True,True,,,"(0,0,1)",0,0,1,6.0e-20,G3F3,3,3,1,
1,2,30,4.26794919243,pos,4.26794919243,3.944e-31,True,True,4.2679e+00,pos,3.4641016,True,even,0.0,1,0.0,True,True,0.196169,2.13025,"(0,0,2)",0,0,2,7.732e-20,G3F3,3,3,2,
2,3,30,3.37818002289,pos,3.37818002289,7.141e-31,True,True,3.3782e+00,pos,2.9551533,True,even,6.973e-31,2,4.93038e-31,True,True,0.292696,1.28111,"(0,0,3)",0,0,3,8.288e-20,G3F3,3,3,3,
3,4,30,2.20256505153,pos,2.20256505153,3.599e-30,True,True,2.2026e+00,pos,4.1307683,True,even,6.275e-31,3,3.9443e-31,True,True,0.42896,0.55945,"(0,0,4)",0,0,4,9.131e-20,G3F3,3,3,4,
4,5,30,1.32931889185,pos,1.32931889185,2.701e-30,True,True,1.3293e+00,pos,4.7817922,True,even,6.973e-32,4,0.0,True,True,0.299821,0.645846,"(0,0,5)",0,0,5,9.819e-20,G3F3,3,3,5,
5,6,30,0.152727139883,pos,0.152727139883,1.579e-31,True,True,1.5273e-01,pos,5.742493,True,even,5.218e-31,5,2.95823e-31,True,True,0.196169,0.196169,"(0,0,6)",0,0,6,1.082e-19,G3F3,3,3,6,
6,7,30,2.49316797599e-30,zero,-9.00956196591e-32,2.583e-30,False,False,8.6860e-18,pos,1.5497899,True,even,4.478e-31,6,3.9443e-31,True,True,7.88861e-31,7.88861e-31,"(0,1,6)",0,1,6,1.362e-19,G3F3,3,3,6,2.95823e-31
7,8,30,-2.45336929793e-30,zero,-7.36064351757e-31,1.717e-30,False,False,-1.5977e-15,neg,1.7357316e-31,False,mixed,1.075,7,0.515041,False,,1.01135,3.9443e-31,"(0,2,6)",0,2,6,1.462e-19,G3F3,3,3,6,
8,9,30,-4.77081403618e-30,zero,-9.70213430422e-31,3.801e-30,False,False,-6.8032e-16,neg,3.6227486e-30,False,mixed,1.153,8,0.347479,False,,0.822002,0.0,"(0,3,6)",0,3,6,1.49e-19,G3F3,3,3,6,
9,10,30,-5.65315285218e-31,zero,-1.0229408172e-30,4.576e-31,False,False,-1.4513e-15,neg,7.8699422e-31,False,mixed,0.7736,9,0.425508,False,,1.01135,1.97215e-31,"(0,4,6)",0,4,6,1.521e-19,G3F3,3,3,6,
10,11,30,-6.563528478e-30,zero,-1.04417626534e-30,5.519e-30,False,False,-3.1357e-15,neg,3.2881201e-30,False,mixed,1.369,10,0.476534,False,,0.770739,1.97215e-31,"(0,5,6)",0,5,6,1.542e-19,G3F3,3,3,6,
11,12,30,-2.31306557711e-30,zero,-1.04876722446e-30,1.264e-30,False,False,-2.0386e-15,neg,7.0533309e-31,False,mixed,1.022,11,0.313063,False,,0.890784,0.0,"(0,6,6)",0,6,6,1.568e-19,G3F3,3,3,6,
12,13,30,-9.58438286847e-30,zero,-1.08974449895e-30,8.495e-30,False,False,-2.9818e-15,neg,6.2115408e-30,False,mixed,1.398,12,0.980782,False,,1.01135,0.0,"(0,7,6)",0,7,6,1.642e-19,G3F3,3,3,6,
