run,n,gamma_n,L_pred,delta,L,L_over_Lpred,basis,dim,kstar,lam_min_geom,min_rayleigh,verdict,trustworthy
sweep_dps_auto,1,14.13472514,0.405379,0.1,0.28377,0.7,B1,8,1,0.0152802,,not found,
sweep_dps_auto,1,14.13472514,0.405379,0.1,0.28377,0.7,B3,24,1,0.0139214,,not found,
sweep_dps_auto,1,14.13472514,0.405379,0.1,0.28377,0.7,B5,44,1,0.0135712,,not found,
sweep_dps_auto,1,14.13472514,0.405379,0.1,0.40538,1.0,B1,8,1,0.000175446,,not found,
sweep_dps_auto,1,14.13472514,0.405379,0.1,0.40538,1.0,B3,24,1,0.000159807,,not found,
sweep_dps_auto,1,14.13472514,0.405379,0.1,0.40538,1.0,B5,44,1,0.000153177,,not found,
sweep_dps_auto,1,14.13472514,0.405379,0.1,0.52699,1.3,B1,8,2,2.915e-7,-3.38695e-6,DETECTED,yes
sweep_dps_auto,1,14.13472514,0.405379,0.1,0.52699,1.3,B3,24,2,2.75092e-7,-3.38695e-6,DETECTED,yes
sweep_dps_auto,1,14.13472514,0.405379,0.1,0.52699,1.3,B5,44,2,2.65638e-7,-3.38695e-6,DETECTED,yes
sweep_dps_auto,1,14.13472514,0.405379,0.1,0.68914,1.7,B1,8,3,4.45157e-12,-4.48171e-8,DETECTED,yes
sweep_dps_auto,1,14.13472514,0.405379,0.1,0.68914,1.7,B3,24,3,1.25911e-12,-4.48171e-8,DETECTED,yes
sweep_dps_auto,1,14.13472514,0.405379,0.1,0.68914,1.7,B5,44,3,1.21527e-12,-4.48171e-8,DETECTED,yes
sweep_dps_auto,1,14.13472514,0.405379,0.1,0.89183,2.2,B1,8,4,1.18482e-16,-1.75252e-8,DETECTED,yes
sweep_dps_auto,1,14.13472514,0.405379,0.1,0.89183,2.2,B3,24,4,2.46011e-22,-1.75252e-8,DETECTED,yes
sweep_dps_auto,1,14.13472514,0.405379,0.1,0.89183,2.2,B5,44,4,1.69353e-22,-1.75252e-8,DETECTED,yes
sweep_dps_auto,5,32.93506159,0.82833,0.1,0.57983,0.7,B1,8,6,1.27598e-8,,not found,
sweep_dps_auto,5,32.93506159,0.82833,0.1,0.57983,0.7,B3,24,6,7.85617e-9,,not found,
sweep_dps_auto,5,32.93506159,0.82833,0.1,0.57983,0.7,B5,44,6,7.64302e-9,,not found,
sweep_dps_auto,5,32.93506159,0.82833,0.1,0.82833,1.0,B1,9,8,4.17026e-16,-1.98121e-16,DETECTED,yes
sweep_dps_auto,5,32.93506159,0.82833,0.1,0.82833,1.0,B3,24,8,7.49423e-19,-1.98121e-16,DETECTED,yes
sweep_dps_auto,5,32.93506159,0.82833,0.1,0.82833,1.0,B5,44,8,6.3273e-19,-1.98121e-16,DETECTED,yes
sweep_dps_auto,5,32.93506159,0.82833,0.1,1.0768,1.3,B1,9,11,7.06072e-20,,not found,
sweep_dps_auto,5,32.93506159,0.82833,0.1,1.0768,1.3,B3,24,11,1.92526e-33,-1.64315e-21,DETECTED,yes
sweep_dps_auto,5,32.93506159,0.82833,0.1,1.0768,1.3,B5,44,11,3.87288e-36,-1.64315e-21,DETECTED,yes
sweep_dps_auto,5,32.93506159,0.82833,0.1,1.4082,1.7,B1,9,14,3.87239e-24,,not found,
sweep_dps_auto,5,32.93506159,0.82833,0.1,1.4082,1.7,B3,24,14,1.5779e-47,-3.13329e-29,DETECTED,yes
sweep_dps_auto,5,32.93506159,0.82833,0.1,1.4082,1.7,B5,44,14,4.30867e-65,-3.13329e-29,DETECTED,yes
sweep_dps_auto,5,32.93506159,0.82833,0.1,1.8223,2.2,B1,9,19,1.94945e-27,,not found,
sweep_dps_auto,5,32.93506159,0.82833,0.1,1.8223,2.2,B3,24,19,1.26691e-59,-5.48261e-36,DETECTED,yes
sweep_dps_auto,5,32.93506159,0.82833,0.1,1.8223,2.2,B5,44,19,-2.86446e-80,-5.48261e-36,DETECTED,yes
sweep_dps_auto,10,49.77383248,1.03481,0.1,0.72436,0.7,B1,9,11,5.26863e-13,,not found,
sweep_dps_auto,10,49.77383248,1.03481,0.1,0.72436,0.7,B3,24,11,6.27672e-14,,not found,
sweep_dps_auto,10,49.77383248,1.03481,0.1,0.72436,0.7,B5,44,11,5.69448e-14,,not found,
sweep_dps_auto,10,49.77383248,1.03481,0.1,1.0348,1.0,B1,9,16,5.4972e-19,,not found,
sweep_dps_auto,10,49.77383248,1.03481,0.1,1.0348,1.0,B3,24,16,3.02353e-31,-7.95767e-27,DETECTED,yes
sweep_dps_auto,10,49.77383248,1.03481,0.1,1.0348,1.0,B5,44,16,1.42533e-32,-7.95767e-27,DETECTED,yes
sweep_dps_auto,10,49.77383248,1.03481,0.1,1.3452,1.3,B1,9,21,6.96458e-23,,not found,
sweep_dps_auto,10,49.77383248,1.03481,0.1,1.3452,1.3,B3,25,21,2.5564e-46,-1.3022e-40,DETECTED,yes
sweep_dps_auto,10,49.77383248,1.03481,0.1,1.3452,1.3,B5,44,21,3.62221e-60,-1.3022e-40,DETECTED,yes
sweep_dps_auto,10,49.77383248,1.03481,0.1,1.7592,1.7,B1,9,27,6.01503e-27,,not found,
sweep_dps_auto,10,49.77383248,1.03481,0.1,1.7592,1.7,B3,31,27,7.03729e-69,-2.57371e-52,DETECTED,yes
sweep_dps_auto,10,49.77383248,1.03481,0.1,1.7592,1.7,B5,44,27,-2.77348e-76,-2.57371e-52,DETECTED,yes
sweep_dps_auto,10,49.77383248,1.03481,0.1,2.2766,2.2,B1,9,36,2.51039e-30,,not found,
sweep_dps_auto,10,49.77383248,1.03481,0.1,2.2766,2.2,B3,31,36,1.56444e-79,-2.02222e-64,DETECTED,yes
sweep_dps_auto,10,49.77383248,1.03481,0.1,2.2766,2.2,B5,44,36,-6.23797e-74,-2.02222e-64,DETECTED,yes
sweep_dps_auto,30,101.317851,1.39019,0.1,0.97313,0.7,B1,9,31,4.04127e-18,,not found,
sweep_dps_auto,30,101.317851,1.39019,0.1,0.97313,0.7,B3,31,31,1.25019e-27,,not found,
sweep_dps_auto,30,101.317851,1.39019,0.1,0.97313,0.7,B5,44,31,8.15485e-28,,not found,
sweep_dps_auto,30,101.317851,1.39019,0.1,1.3902,1.0,B1,9,44,7.40034e-24,,not found,
sweep_dps_auto,30,101.317851,1.39019,0.1,1.3902,1.0,B3,31,44,4.51773e-47,,not found,
sweep_dps_auto,30,101.317851,1.39019,0.1,1.3902,1.0,B5,52,44,5.35052e-68,-1.62377e-60,DETECTED,yes
sweep_dps_auto,30,101.317851,1.39019,0.1,1.8073,1.3,B1,9,58,4.45062e-28,,not found,
sweep_dps_auto,30,101.317851,1.39019,0.1,1.8073,1.3,B3,31,58,9.08564e-60,-6.85644e-59,DETECTED,yes
sweep_dps_auto,30,101.317851,1.39019,0.1,1.8073,1.3,B5,59,58,-8.01535e-74,-2.00536e-81,DETECTED,NO-below-noise-floor
sweep_dps_auto,30,101.317851,1.39019,0.1,2.3633,1.7,B1,9,76,8.06024e-31,,not found,
sweep_dps_auto,30,101.317851,1.39019,0.1,2.3633,1.7,B3,31,76,2.0547e-71,-2.30933e-70,DETECTED,yes
sweep_dps_auto,30,101.317851,1.39019,0.1,2.3633,1.7,B5,59,76,-3.44353e-68,-1.88973e-84,DETECTED,NO-below-noise-floor
sweep_dps_auto,30,101.317851,1.39019,0.1,3.0584,2.2,B1,9,98,1.6569e-34,,not found,
sweep_dps_auto,30,101.317851,1.39019,0.1,3.0584,2.2,B3,31,98,1.75565e-82,-1.32181e-80,DETECTED,yes
sweep_dps_auto,30,101.317851,1.39019,0.1,3.0584,2.2,B5,59,98,-1.64657e-108,-1.66851e-124,DETECTED,NO-below-noise-floor
sweep_dps_auto,80,201.2647519,1.73337,0.1,1.2134,0.7,B1,9,77,2.54544e-21,,not found,
sweep_dps_auto,80,201.2647519,1.73337,0.1,1.2134,0.7,B3,31,77,5.98668e-40,,not found,
sweep_dps_auto,80,201.2647519,1.73337,0.1,1.2134,0.7,B5,59,77,3.49121e-49,,not found,
sweep_dps_auto,80,201.2647519,1.73337,0.1,1.7334,1.0,B1,9,111,1.86123e-26,,not found,
sweep_dps_auto,80,201.2647519,1.73337,0.1,1.7334,1.0,B3,31,111,2.00729e-57,,not found,
sweep_dps_auto,80,201.2647519,1.73337,0.1,1.7334,1.0,B5,59,111,-3.71378e-76,-6.13407e-81,DETECTED,NO-below-noise-floor
sweep_dps_auto,80,201.2647519,1.73337,0.1,2.2534,1.3,B1,9,144,2.64207e-30,,not found,
sweep_dps_auto,80,201.2647519,1.73337,0.1,2.2534,1.3,B3,31,144,2.56367e-69,,not found,
sweep_dps220,30,101.317851,1.39019,0.1,1.1817,0.85,B1,9,38,2.7964e-21,,not found,
sweep_dps220,30,101.317851,1.39019,0.1,1.1817,0.85,B3,31,38,9.02726e-39,,not found,
sweep_dps220,30,101.317851,1.39019,0.1,1.1817,0.85,B5,46,38,1.90826e-46,-2.48788e-45,DETECTED,yes
sweep_dps220,30,101.317851,1.39019,0.1,1.3902,1.0,B1,9,44,7.40034e-24,,not found,
sweep_dps220,30,101.317851,1.39019,0.1,1.3902,1.0,B3,31,44,4.51773e-47,,not found,
sweep_dps220,30,101.317851,1.39019,0.1,1.3902,1.0,B5,52,44,5.35052e-68,-1.62377e-60,DETECTED,yes
sweep_dps220,30,101.317851,1.39019,0.1,1.5987,1.15,B1,9,51,6.45062e-26,,not found,
sweep_dps220,30,101.317851,1.39019,0.1,1.5987,1.15,B3,31,51,1.07359e-53,,not found,
sweep_dps220,30,101.317851,1.39019,0.1,1.5987,1.15,B5,59,51,1.35808e-89,-3.405e-80,DETECTED,yes
sweep_dps220,80,201.2647519,1.73337,0.1,1.4734,0.85,B1,9,94,9.91589e-25,,not found,
sweep_dps220,80,201.2647519,1.73337,0.1,1.4734,0.85,B3,31,94,3.60018e-50,,not found,
sweep_dps220,80,201.2647519,1.73337,0.1,1.4734,0.85,B5,59,94,1.46955e-69,,not found,
sweep_dps220,80,201.2647519,1.73337,0.1,1.7334,1.0,B1,9,111,1.86123e-26,,not found,
sweep_dps220,80,201.2647519,1.73337,0.1,1.7334,1.0,B3,31,111,2.00729e-57,,not found,
sweep_dps220,80,201.2647519,1.73337,0.1,1.7334,1.0,B5,59,111,1.67511e-84,,not found,
sweep_dps220,80,201.2647519,1.73337,0.1,1.9934,1.15,B1,9,127,1.75747e-28,,not found,
sweep_dps220,80,201.2647519,1.73337,0.1,1.9934,1.15,B3,31,127,9.68943e-64,,not found,
sweep_dps220,80,201.2647519,1.73337,0.1,1.9934,1.15,B5,59,127,1.53131e-96,-1.57119e-92,DETECTED,yes
