L,sector,N,dps,A_inertia,M_inertia,S_inertia,A_neg,A_pos,M_neg,M_pos,S_psd,A_neg_fraction
0.5,even_d,6,40,"(1, 0, 5)","(3, 0, 3)","(0, 0, 6)",1,5,3,3,True,0.166667
0.5,even_d,10,40,"(1, 0, 9)","(5, 0, 5)","(0, 0, 10)",1,9,5,5,True,0.1
0.5,even_d,14,40,"(1, 0, 13)","(7, 0, 7)","(0, 0, 14)",1,13,7,7,True,0.0714286
0.5,even_d,18,40,"(1, 0, 17)","(9, 0, 9)","(0, 0, 18)",1,17,9,9,True,0.0555556
0.5,even_d,24,40,"(1, 0, 23)","(11, 1, 12)","(0, 0, 24)",1,23,11,12,True,0.0416667
0.5,even,6,40,"(1, 0, 5)","(3, 0, 3)","(0, 0, 6)",1,5,3,3,True,0.166667
0.5,even,10,40,"(1, 0, 9)","(5, 0, 5)","(0, 0, 10)",1,9,5,5,True,0.1
0.5,even,14,40,"(1, 0, 13)","(7, 0, 7)","(0, 0, 14)",1,13,7,7,True,0.0714286
0.5,even,18,40,"(1, 0, 17)","(9, 0, 9)","(0, 0, 18)",1,17,9,9,True,0.0555556
0.5,even,24,40,"(1, 0, 23)","(12, 0, 12)","(0, 0, 24)",1,23,12,12,True,0.0416667
0.8,even_d,6,40,"(1, 0, 5)","(3, 0, 3)","(0, 0, 6)",1,5,3,3,True,0.166667
0.8,even_d,10,40,"(1, 0, 9)","(5, 0, 5)","(0, 0, 10)",1,9,5,5,True,0.1
0.8,even_d,14,40,"(1, 0, 13)","(7, 0, 7)","(0, 0, 14)",1,13,7,7,True,0.0714286
0.8,even_d,18,40,"(1, 0, 17)","(9, 0, 9)","(0, 0, 18)",1,17,9,9,True,0.0555556
0.8,even_d,24,40,"(1, 0, 23)","(12, 0, 12)","(0, 0, 24)",1,23,12,12,True,0.0416667
0.8,even,6,40,"(1, 0, 5)","(3, 0, 3)","(0, 0, 6)",1,5,3,3,True,0.166667
0.8,even,10,40,"(1, 0, 9)","(5, 0, 5)","(0, 0, 10)",1,9,5,5,True,0.1
0.8,even,14,40,"(1, 0, 13)","(7, 0, 7)","(0, 0, 14)",1,13,7,7,True,0.0714286
0.8,even,18,40,"(1, 0, 17)","(9, 0, 9)","(0, 0, 18)",1,17,9,9,True,0.0555556
0.8,even,24,40,"(1, 0, 23)","(12, 0, 12)","(0, 0, 24)",1,23,12,12,True,0.0416667
1.2824746787,even_d,6,40,"(2, 0, 4)","(3, 0, 3)","(0, 0, 6)",2,4,3,3,True,0.333333
1.2824746787,even_d,10,40,"(2, 0, 8)","(4, 0, 6)","(0, 0, 10)",2,8,4,6,True,0.2
1.2824746787,even_d,14,40,"(2, 0, 12)","(7, 0, 7)","(0, 1, 13)",2,12,7,7,True,0.142857
1.2824746787,even_d,18,40,"(2, 0, 16)","(9, 0, 9)","(0, 2, 16)",2,16,9,9,True,0.111111
1.2824746787,even_d,24,40,"(2, 0, 22)","(11, 0, 13)","(0, 3, 21)",2,22,11,13,True,0.0833333
1.2824746787,even,6,40,"(2, 0, 4)","(2, 0, 4)","(0, 0, 6)",2,4,2,4,True,0.333333
1.2824746787,even,10,40,"(2, 0, 8)","(4, 0, 6)","(0, 0, 10)",2,8,4,6,True,0.2
1.2824746787,even,14,40,"(2, 0, 12)","(7, 0, 7)","(0, 1, 13)",2,12,7,7,True,0.142857
1.2824746787,even,18,40,"(2, 0, 16)","(9, 0, 9)","(0, 2, 16)",2,16,9,9,True,0.111111
1.2824746787,even,24,40,"(2, 0, 22)","(12, 0, 12)","(0, 3, 21)",2,22,12,12,True,0.0833333
