L,sector,N,dps,lam_min,lam_min_sign,lam_2,in_zhu_interval,monotone
0.8,even_d,4,50,1.7339346963e-10,pos,2.711086672e-6,False,-
0.8,even_d,6,50,5.96682932489e-13,pos,2.32904375e-8,False,OK
0.8,even_d,8,50,4.96800734174e-15,pos,5.443266105e-10,False,OK
0.8,even_d,10,50,2.75539279193e-16,pos,4.205327788e-11,False,OK
0.8,even_d,12,50,4.31405053965e-17,pos,1.749038057e-11,False,OK
0.8,even_d,14,50,3.125316802e-17,pos,1.461350563e-11,False,OK
0.8,even_d,16,50,2.54104290505e-17,pos,1.373474253e-11,False,OK
0.8,even_d,18,50,2.40346612547e-17,pos,1.267703927e-11,False,OK
0.8,even_d,20,50,2.30749258029e-17,pos,1.195150118e-11,False,OK
0.8,even_d,24,50,2.2702006184e-17,pos,1.062903161e-11,False,OK
0.8,even,4,50,2.92324008654e-9,pos,4.384897047e-5,False,-
0.8,even,6,50,4.13806817114e-12,pos,1.507935393e-7,False,OK
0.8,even,8,50,4.00546319046e-14,pos,2.105919771e-9,False,OK
0.8,even,10,50,1.3515541112e-15,pos,1.604259937e-10,False,OK
0.8,even,12,50,1.38622920652e-16,pos,3.91682123e-11,False,OK
0.8,even,14,50,5.83627580269e-17,pos,2.17790873e-11,False,OK
0.8,even,16,50,3.19946221698e-17,pos,1.92114819e-11,False,OK
0.8,even,18,50,2.7543622944e-17,pos,1.389325597e-11,False,OK
0.8,even,20,50,2.75307809649e-17,pos,1.206071219e-11,False,OK
0.8,even,24,50,2.3357131415e-17,pos,1.078939605e-11,False,OK
