kind,rho,first_neg_R,first_neg_R_EXACT_over_Q,lam_min_at_break,lam_min_at_Rmax,Rmax,dps
realpair,3/2,1,1,-0.166666666667,-5964.46187356,20,50
quartet0.7,3/2,2,2,-0.251503945481,-7089.75251336,20,50
realpair,13/10,1,1,-0.0692307692308,-444.476269583,20,50
quartet0.7,13/10,2,2,-0.105319114788,-539.233770871,20,50
realpair,11/10,1,1,-0.00909090909091,-17.0553871936,20,50
quartet0.7,11/10,2,2,-0.0138989504645,-20.1033246627,20,50
realpair,21/20,1,1,-0.00238095238095,-3.86215841023,20,50
quartet0.7,21/20,2,2,-0.00364222755488,-4.51981325514,20,50
realpair,101/100,1,1,-9.90099009901e-5,-0.152805443464,20,50
quartet0.7,101/100,2,2,-0.00015148763243,-0.178347049086,20,50
realpair,1003/1000,1,1,-8.97308075773e-6,-0.0138212539058,20,50
quartet0.7,1003/1000,2,2,-1.37291411817e-5,-0.0161297462172,20,50
realpair,10001/10000,1,1,-9.99900009999e-9,-1.53984635182e-5,20,50
quartet0.7,10001/10000,2,2,-1.5298846605e-8,-1.79701951176e-5,20,50
