curve,convention,R,size,split_residual,A_inertia,M_inertia,S_inertia,A_indefinite,M_indefinite,S_psd
E5,brief,0,1,0.0,"(0,0,1)","(0,0,1)","(0,0,1)",False,False,True
E5,brief,1,2,2.673e-51,"(0,0,2)","(0,0,2)","(0,0,2)",False,False,True
E5,brief,2,3,2.673e-50,"(1,0,2)","(1,0,2)","(0,1,2)",True,True,True
E5,brief,3,4,6.147e-50,"(1,0,3)","(2,0,2)","(0,2,2)",True,True,True
E5,brief,4,5,1.67e-49,"(1,0,4)","(2,0,3)","(0,3,2)",True,True,True
E5,uniform,0,1,0.0,"(0,0,1)","(0,1,0)","(0,0,1)",False,False,True
E5,uniform,1,2,2.673e-51,"(1,0,1)","(1,0,1)","(0,0,2)",True,True,True
E5,uniform,2,3,2.673e-50,"(1,1,1)","(2,0,1)","(0,1,2)",True,True,True
E5,uniform,3,4,6.147e-50,"(1,2,1)","(3,0,1)","(0,2,2)",True,True,True
E5,uniform,4,5,1.67e-49,"(1,3,1)","(3,1,1)","(0,3,2)",True,True,True
H2F3,brief,0,1,0.0,"(0,0,1)","(0,0,1)","(0,0,1)",False,False,True
H2F3,brief,1,2,2.673e-51,"(0,0,2)","(1,0,1)","(0,0,2)",False,True,True
H2F3,brief,2,3,2.673e-51,"(0,0,3)","(2,0,1)","(0,0,3)",False,True,True
H2F3,brief,3,4,5.346e-51,"(0,0,4)","(2,0,2)","(0,0,4)",False,True,True
H2F3,brief,4,5,9.355e-51,"(1,0,4)","(3,0,2)","(0,1,4)",True,True,True
H2F3,brief,5,6,1.804e-50,"(1,0,5)","(3,0,3)","(0,2,4)",True,True,True
H2F3,brief,6,7,9.288e-50,"(1,0,6)","(4,0,3)","(0,3,4)",True,True,True
H2F3,brief,7,8,1.577e-49,"(1,0,7)","(4,0,4)","(0,4,4)",True,True,True
H2F3,brief,8,9,2.78e-49,"(1,0,8)","(5,0,4)","(0,5,4)",True,True,True
H2F3,uniform,0,1,0.0,"(0,0,1)","(1,0,0)","(0,0,1)",False,False,True
H2F3,uniform,1,2,2.673e-51,"(1,0,1)","(1,0,1)","(0,0,2)",True,True,True
H2F3,uniform,2,3,2.673e-51,"(1,1,1)","(2,0,1)","(0,0,3)",True,True,True
H2F3,uniform,3,4,5.346e-51,"(1,2,1)","(3,0,1)","(0,0,4)",True,True,True
H2F3,uniform,4,5,9.355e-51,"(1,3,1)","(4,0,1)","(0,1,4)",True,True,True
H2F3,uniform,5,6,1.804e-50,"(1,4,1)","(5,0,1)","(0,2,4)",True,True,True
H2F3,uniform,6,7,9.288e-50,"(1,5,1)","(5,1,1)","(0,3,4)",True,True,True
H2F3,uniform,7,8,1.577e-49,"(1,6,1)","(5,2,1)","(0,4,4)",True,True,True
H2F3,uniform,8,9,2.78e-49,"(1,7,1)","(5,3,1)","(0,5,4)",True,True,True
G3F5,brief,0,1,0.0,"(0,0,1)","(0,0,1)","(0,0,1)",False,False,True
G3F5,brief,1,2,5.346e-51,"(0,0,2)","(1,0,1)","(0,0,2)",False,True,True
G3F5,brief,2,3,1.871e-50,"(0,0,3)","(2,0,1)","(0,0,3)",False,True,True
G3F5,brief,3,4,7.016e-50,"(1,0,3)","(3,0,1)","(0,0,4)",True,True,True
G3F5,brief,4,5,1.817e-49,"(1,0,4)","(3,0,2)","(0,0,5)",True,True,True
G3F5,brief,5,6,5.934e-49,"(1,0,5)","(3,0,3)","(0,0,6)",True,True,True
G3F5,brief,6,7,1.262e-48,"(1,0,6)","(4,0,3)","(0,1,6)",True,True,True
G3F5,brief,7,8,3.4e-48,"(1,0,7)","(5,0,3)","(0,2,6)",True,True,True
G3F5,brief,8,9,7.858e-48,"(1,0,8)","(6,0,3)","(0,3,6)",True,True,True
G3F5,brief,9,10,2.342e-47,"(1,0,9)","(6,0,4)","(0,4,6)",True,True,True
G3F5,brief,10,11,5.691e-47,"(1,0,10)","(7,0,4)","(0,5,6)",True,True,True
G3F5,brief,11,12,1.406e-46,"(1,0,11)","(7,0,5)","(0,6,6)",True,True,True
G3F5,brief,12,13,3.053e-46,"(1,0,12)","(7,0,6)","(0,7,6)",True,True,True
G3F5,uniform,0,1,0.0,"(0,0,1)","(1,0,0)","(0,0,1)",False,False,True
G3F5,uniform,1,2,5.346e-51,"(1,0,1)","(1,0,1)","(0,0,2)",True,True,True
G3F5,uniform,2,3,1.871e-50,"(1,1,1)","(2,0,1)","(0,0,3)",True,True,True
G3F5,uniform,3,4,7.016e-50,"(1,2,1)","(3,0,1)","(0,0,4)",True,True,True
G3F5,uniform,4,5,1.817e-49,"(1,3,1)","(4,0,1)","(0,0,5)",True,True,True
G3F5,uniform,5,6,5.934e-49,"(1,4,1)","(5,0,1)","(0,0,6)",True,True,True
G3F5,uniform,6,7,1.262e-48,"(1,5,1)","(6,0,1)","(0,1,6)",True,True,True
G3F5,uniform,7,8,3.4e-48,"(1,6,1)","(7,0,1)","(0,2,6)",True,True,True
G3F5,uniform,8,9,7.858e-48,"(1,7,1)","(7,1,1)","(0,3,6)",True,True,True
G3F5,uniform,9,10,2.342e-47,"(1,8,1)","(7,2,1)","(0,4,6)",True,True,True
G3F5,uniform,10,11,5.691e-47,"(1,9,1)","(7,3,1)","(0,5,6)",True,True,True
G3F5,uniform,11,12,1.406e-46,"(1,10,1)","(7,4,1)","(0,6,6)",True,True,True
G3F5,uniform,12,13,3.053e-46,"(1,11,1)","(7,5,1)","(0,7,6)",True,True,True
G3F3,brief,0,1,0.0,"(0,0,1)","(0,0,1)","(0,0,1)",False,False,True
G3F3,brief,1,2,5.346e-51,"(0,0,2)","(1,0,1)","(0,0,2)",False,True,True
G3F3,brief,2,3,5.346e-51,"(0,0,3)","(2,0,1)","(0,0,3)",False,True,True
G3F3,brief,3,4,1.069e-50,"(0,0,4)","(3,0,1)","(0,0,4)",False,True,True
G3F3,brief,4,5,1.069e-50,"(1,0,4)","(4,0,1)","(0,0,5)",True,True,True
G3F3,brief,5,6,2.138e-50,"(1,0,5)","(4,0,2)","(0,0,6)",True,True,True
G3F3,brief,6,7,6.415e-50,"(1,0,6)","(5,0,2)","(0,1,6)",True,True,True
G3F3,brief,7,8,1.63e-49,"(1,0,7)","(5,0,3)","(0,2,6)",True,True,True
G3F3,brief,8,9,4.009e-49,"(1,0,8)","(6,0,3)","(0,3,6)",True,True,True
G3F3,brief,9,10,5.185e-49,"(1,0,9)","(6,0,4)","(0,4,6)",True,True,True
G3F3,brief,10,11,1.449e-48,"(1,0,10)","(6,0,5)","(0,5,6)",True,True,True
G3F3,brief,11,12,2.229e-48,"(1,0,11)","(6,0,6)","(0,6,6)",True,True,True
G3F3,brief,12,13,3.266e-48,"(1,0,12)","(6,0,7)","(0,7,6)",True,True,True
G3F3,uniform,0,1,0.0,"(0,0,1)","(1,0,0)","(0,0,1)",False,False,True
G3F3,uniform,1,2,5.346e-51,"(1,0,1)","(1,0,1)","(0,0,2)",True,True,True
G3F3,uniform,2,3,5.346e-51,"(1,1,1)","(2,0,1)","(0,0,3)",True,True,True
G3F3,uniform,3,4,1.069e-50,"(1,2,1)","(3,0,1)","(0,0,4)",True,True,True
G3F3,uniform,4,5,1.069e-50,"(1,3,1)","(4,0,1)","(0,0,5)",True,True,True
G3F3,uniform,5,6,2.138e-50,"(1,4,1)","(5,0,1)","(0,0,6)",True,True,True
G3F3,uniform,6,7,6.415e-50,"(1,5,1)","(6,0,1)","(0,1,6)",True,True,True
G3F3,uniform,7,8,1.63e-49,"(1,6,1)","(7,0,1)","(0,2,6)",True,True,True
G3F3,uniform,8,9,4.009e-49,"(1,7,1)","(7,1,1)","(0,3,6)",True,True,True
G3F3,uniform,9,10,5.185e-49,"(1,8,1)","(7,2,1)","(0,4,6)",True,True,True
G3F3,uniform,10,11,1.449e-48,"(1,9,1)","(7,3,1)","(0,5,6)",True,True,True
G3F3,uniform,11,12,2.229e-48,"(1,10,1)","(7,4,1)","(0,6,6)",True,True,True
G3F3,uniform,12,13,3.266e-48,"(1,11,1)","(7,5,1)","(0,7,6)",True,True,True
