curve,R,zero_angle,abs_zero
E5,1,0.0,1.0
E5,2,-1.1071487177941,1.0
E5,2,1.1071487177941,1.0
E5,3,-1.1071487177941,1.0
E5,3,1.1071487177941,1.0
E5,3,3.1415926535898,0.41231089683203
E5,4,-1.1071487177941,1.0
E5,4,0.0,1.3421340911223
E5,4,0.0,5.7242437310515
E5,4,1.1071487177941,1.0
H2F3,1,3.1415926535898,1.0
H2F3,2,-1.9129542008694,1.0
H2F3,2,1.9129542008694,1.0
H2F3,3,-1.813678935694,1.0
H2F3,3,1.813678935694,1.0
H2F3,3,3.1415926535898,1.0
H2F3,4,-2.1862760354653,1.0
H2F3,4,-1.5707963267949,1.0
H2F3,4,1.5707963267949,1.0
H2F3,4,2.1862760354653,1.0
H2F3,5,-2.1862760354653,1.0
H2F3,5,-1.5707963267949,1.0
H2F3,5,1.5707963267949,1.0
H2F3,5,2.1862760354653,1.0
H2F3,5,3.1415926535898,11.219344311592
H2F3,6,-2.1862760354653,1.0
H2F3,6,-1.5707963267949,1.0
H2F3,6,0.0,3.2867414796434
H2F3,6,1.5707963267949,1.0
H2F3,6,2.1862760354653,1.0
H2F3,6,3.1415926535898,11.571226220838
H2F3,7,-2.1862760354653,1.0
H2F3,7,-1.5707963267949,1.0
H2F3,7,0.0,0.029610713501665
H2F3,7,0.0,1.7508212406418
H2F3,7,1.5707963267949,1.0
H2F3,7,2.1862760354653,1.0
H2F3,7,3.1415926535898,13.164574540501
H2F3,8,-2.1862760354653,1.0
H2F3,8,-1.5707963267949,1.0
H2F3,8,0.0,0.11740353553252
H2F3,8,0.0,0.69866109273213
H2F3,8,1.5707963267949,1.0
H2F3,8,2.1862760354653,1.0
H2F3,8,3.1415926535898,4.8328238418058
H2F3,8,3.1415926535898,0.29870083522245
G3F5,1,3.1415926535898,1.0
G3F5,2,-2.0344439357957,1.0
G3F5,2,2.0344439357957,1.0
G3F5,3,-1.7155694363413,1.0
G3F5,3,1.7155694363413,1.0
G3F5,3,3.1415926535898,1.0
G3F5,4,-2.3507416612018,1.0
G3F5,4,-1.2492253943055,1.0
G3F5,4,1.2492253943055,1.0
G3F5,4,2.3507416612018,1.0
G3F5,5,-2.1893210001087,1.0
G3F5,5,-1.1249203447061,1.0
G3F5,5,1.1249203447061,1.0
G3F5,5,2.1893210001087,1.0
G3F5,5,3.1415926535898,1.0
G3F5,6,-2.5331895462571,1.0
G3F5,6,-1.9311473890767,1.0
G3F5,6,-1.0444886306149,1.0
G3F5,6,1.0444886306149,1.0
G3F5,6,1.9311473890767,1.0
G3F5,6,2.5331895462571,1.0
G3F5,7,-2.5331895462571,1.0
G3F5,7,-1.9311473890767,1.0
G3F5,7,-1.0444886306149,1.0
G3F5,7,0.0,0.85316183043777
G3F5,7,1.0444886306149,1.0
G3F5,7,1.9311473890767,1.0
G3F5,7,2.5331895462571,1.0
G3F5,8,-2.5331895462571,1.0
G3F5,8,-1.9311473890767,1.0
G3F5,8,-1.0444886306149,1.0
G3F5,8,-0.34679437057813,0.63076561991427
G3F5,8,0.34679437057813,0.63076561991427
G3F5,8,1.0444886306149,1.0
G3F5,8,1.9311473890767,1.0
G3F5,8,2.5331895462571,1.0
G3F5,9,-2.5331895462571,1.0
G3F5,9,-1.9311473890767,1.0
G3F5,9,-1.0444886306149,1.0
G3F5,9,0.0,0.14485853166344
G3F5,9,0.0,0.9414474502498
G3F5,9,1.0444886306149,1.0
G3F5,9,1.9311473890767,1.0
G3F5,9,2.5331895462571,1.0
G3F5,9,3.1415926535898,0.70546990401915
G3F5,10,-2.5331895462571,1.0
G3F5,10,-2.0878427029606,1.2130378449297
G3F5,10,-1.9311473890767,1.0
G3F5,10,-1.0444886306149,1.0
G3F5,10,0.0,0.085872532660689
G3F5,10,0.0,0.82900231466841
G3F5,10,1.0444886306149,1.0
G3F5,10,1.9311473890767,1.0
G3F5,10,2.0878427029606,1.2130378449297
G3F5,10,2.5331895462571,1.0
G3F5,11,-2.5331895462571,1.0
G3F5,11,-1.9311473890767,1.0
G3F5,11,-1.5416789588109,0.67361891258934
G3F5,11,-1.0444886306149,1.0
G3F5,11,-0.55522923261157,0.94220599679912
G3F5,11,0.55522923261157,0.94220599679912
G3F5,11,1.0444886306149,1.0
G3F5,11,1.5416789588109,0.67361891258934
G3F5,11,1.9311473890767,1.0
G3F5,11,2.5331895462571,1.0
G3F5,11,3.1415926535898,1.0529728774839
G3F5,12,-2.5331895462571,1.0
G3F5,12,-1.9311473890767,1.0
G3F5,12,-1.5924380190031,0.99577169163125
G3F5,12,-1.0444886306149,1.0
G3F5,12,0.0,0.35980343156304
G3F5,12,0.0,1.3403398812269
G3F5,12,1.0444886306149,1.0
G3F5,12,1.5924380190031,0.99577169163125
G3F5,12,1.9311473890767,1.0
G3F5,12,2.5331895462571,1.0
G3F5,12,3.1415926535898,5.2649888424318
G3F5,12,3.1415926535898,0.64165996451892
G3F3,1,3.1415926535898,1.0
G3F3,2,-2.2924529027111,1.0
G3F3,2,2.2924529027111,1.0
G3F3,3,-1.5707963267949,1.0
G3F3,3,1.5707963267949,1.0
G3F3,3,3.1415926535898,1.0
G3F3,4,-2.6456023833794,1.0
G3F3,4,-1.2957102600462,1.0
G3F3,4,1.2957102600462,1.0
G3F3,4,2.6456023833794,1.0
G3F3,5,-2.0658115652584,1.0
G3F3,5,-1.0386963478843,1.0
G3F3,5,1.0386963478843,1.0
G3F3,5,2.0658115652584,1.0
G3F3,5,3.1415926535898,1.0
G3F3,6,-2.9454232248537,1.0
G3F3,6,-1.9997564447494,1.0
G3F3,6,-1.0113460535443,1.0
G3F3,6,1.0113460535443,1.0
G3F3,6,1.9997564447494,1.0
G3F3,6,2.9454232248537,1.0
G3F3,7,-2.9454232248537,1.0
G3F3,7,-1.9997564447494,1.0
G3F3,7,-1.0113460535443,1.0
G3F3,7,0.0,0.97531680355302
G3F3,7,1.0113460535443,1.0
G3F3,7,1.9997564447494,1.0
G3F3,7,2.9454232248537,1.0
G3F3,8,-2.9454232248537,1.0
G3F3,8,-1.9997564447494,1.0
G3F3,8,-1.9333716910284,1.2039177349109
G3F3,8,-1.0113460535443,1.0
G3F3,8,1.0113460535443,1.0
G3F3,8,1.9333716910284,1.2039177349109
G3F3,8,1.9997564447494,1.0
G3F3,8,2.9454232248537,1.0
G3F3,9,-2.9454232248537,1.0
G3F3,9,-1.9997564447494,1.0
G3F3,9,-1.0113460535443,1.0
G3F3,9,0.0,1.5495218628221
G3F3,9,1.0113460535443,1.0
G3F3,9,1.9997564447494,1.0
G3F3,9,2.9454232248537,1.0
G3F3,9,3.1415926535898,2.3388144469665
G3F3,9,3.1415926535898,0.13004535013972
G3F3,10,-2.9454232248537,1.0
G3F3,10,-1.9997564447494,1.0
G3F3,10,-1.4526393830017,1.1957850386743
G3F3,10,-1.0113460535443,1.0
G3F3,10,0.0,0.62569598219304
G3F3,10,1.0113460535443,1.0
G3F3,10,1.4526393830017,1.1957850386743
G3F3,10,1.9997564447494,1.0
G3F3,10,2.9454232248537,1.0
G3F3,10,3.1415926535898,7.1683901869572
G3F3,11,-2.9454232248537,1.0
G3F3,11,-1.9997564447494,1.0
G3F3,11,-1.2733486471718,1.3804939397639
G3F3,11,-1.0113460535443,1.0
G3F3,11,0.0,0.84157183404955
G3F3,11,0.0,13.929423122338
G3F3,11,1.0113460535443,1.0
G3F3,11,1.2733486471718,1.3804939397639
G3F3,11,1.9997564447494,1.0
G3F3,11,2.9454232248537,1.0
G3F3,11,3.1415926535898,0.9577709653195
G3F3,12,-2.9454232248537,1.0
G3F3,12,-1.9997564447494,1.0
G3F3,12,-1.9082065919448,1.0299710203085
G3F3,12,-1.0113460535443,1.0
G3F3,12,-0.56412707257539,0.86380987353057
G3F3,12,0.0,34.873151222697
G3F3,12,0.56412707257539,0.86380987353057
G3F3,12,1.0113460535443,1.0
G3F3,12,1.9082065919448,1.0299710203085
G3F3,12,1.9997564447494,1.0
G3F3,12,2.9454232248537,1.0
G3F3,12,3.1415926535898,0.9789498601813
