L,N,K,dps,delta,lam_min_control,lam_min_h3.0,sign_h3.0,lam_min_h14.134725141734693,sign_h14.134725141734693,lam_min_h18.0,sign_h18.0,lam_min_h50.0,sign_h50.0,lam_min_h100.0,sign_h100.0,lam_min_h200.0,sign_h200.0
0.4,12,300,70,0.1,0.0002146637779,0.3043726143,pos,0.0001998044485,pos,0.0008235870557,pos,0.0002146609506,pos,0.000216300878,pos,0.0002146654277,pos
0.5,12,300,70,0.1,1.078329039e-6,0.01948008982,pos,-5.218111699e-6,neg,2.929864387e-5,pos,1.10916057e-6,pos,1.099896627e-6,pos,1.079698762e-6,pos
0.6,12,300,70,0.1,2.06986959e-9,-0.001753089356,neg,-0.0002599612501,neg,2.722464815e-7,pos,2.179568707e-9,pos,2.148685861e-9,pos,2.076622611e-9,pos
0.8,12,300,70,0.1,4.233892207e-17,-0.008613091551,neg,-0.004041105686,neg,-1.698972133e-6,neg,5.739912604e-17,pos,4.234751447e-17,pos,4.273328781e-17,pos
1.0,12,300,70,0.1,9.726043046e-23,-0.0117458819,neg,-0.008584829865,neg,-0.001900171748,neg,1.135413108e-22,pos,1.016586617e-22,pos,9.737558511e-23,pos
1.3,13,300,70,0.1,1.681003992e-30,-0.01465694064,neg,-0.02501048821,neg,-0.01991488098,neg,1.744190342e-30,pos,1.681893544e-30,pos,1.681298994e-30,pos
1.6,16,300,70,0.1,1.811672683e-41,-0.0489068805,neg,-0.04915097025,neg,-0.04463241273,neg,1.811758109e-41,pos,1.846680712e-41,pos,1.82724318e-41,pos
2.0,20,300,70,0.1,4.80081467e-56,-0.1147674583,neg,-0.1037131909,neg,-0.08454888177,neg,4.573807974e-56,pos,4.802098218e-56,pos,4.802052462e-56,pos
2.5,25,300,70,0.1,5.516124779e-74,-0.169558217,neg,-0.194671986,neg,-0.1831909458,neg,-6.690012384e-54,neg,6.315218231e-74,pos,5.552126853e-74,pos
3.0,30,300,70,0.1,-1.6626877e-73,-0.4019474337,neg,-0.3417837661,neg,-0.3387808224,neg,-2.952880308e-49,neg,-1.366084449e-73,pos,-7.761019909e-74,pos
