part,L,N,dps,n,gamma_n,F_zero,abs_err,rel_err
3b,1.28247467873,24,110,1,14.13472514173469379,14.13472514173469379,4.1768581e-39,2.9550331e-40
3b,1.28247467873,24,110,2,21.022039638771554993,21.022039638771554993,1.510543e-35,7.1855205e-37
3b,1.28247467873,24,110,3,25.010857580145688763,25.010857580145688763,2.3951255e-33,9.5763429e-35
3b,1.28247467873,24,110,4,30.42487612585951321,30.42487612585951321,5.4235303e-30,1.7825973e-31
3b,1.28247467873,24,110,5,32.935061587739189691,32.935061587739189691,1.8104008e-28,5.49688e-30
3b,1.28247467873,24,110,6,37.586178158825671257,37.586178158825671257,9.0202528e-26,2.3998856e-27
3b,1.28247467873,24,110,7,40.918719012147495187,40.918719012147495187,2.4989496e-23,6.1071062e-25
3b,1.28247467873,24,110,8,43.327073280914999519,43.327073280914999519,7.3840117e-22,1.7042489e-23
3b,1.28247467873,24,110,9,48.005150881167159728,48.00515088116715973,2.396493e-18,4.992158e-20
3b,1.28247467873,24,110,10,49.773832477672302182,49.773832477672302249,6.7001278e-17,1.3461145e-18
3b,1.28247467873,24,110,11,52.970321477714460644,52.970321477714470765,1.0121182e-14,1.910727e-16
3b,1.28247467873,24,110,12,56.446247697063394804,56.44624769708902347,2.5628665e-11,4.5403665e-13
3b,1.28247467873,24,110,13,59.34704400260235308,59.347045274929161104,1.2723268e-6,2.1438756e-8
3b,1.28247467873,24,110,14,60.831778524609809844,60.831819243090073995,4.071848e-5,6.6936199e-7
3b,1.28247467873,24,110,15,65.112544048081606661,64.915281916148278285,0.19726213,0.0030295565
3b,1.28247467873,24,110,16,67.079810529494173714,67.364915196002930295,0.28510467,0.0042502306
3b,1.28247467873,24,110,17,69.546401711173979253,69.814548475857582306,0.26814676,0.0038556526
3b,1.28247467873,24,110,18,72.067157674481907583,72.264181755712234317,0.19702408,0.0027338955
3b,1.28247467873,24,110,19,75.704690699083933168,74.925149470479841323,0.77954123,0.010297132
3b,1.28247467873,24,110,20,77.144840068874805373,77.163448315421538338,0.018608247,0.00024121181
3b,1.28247467873,24,110,21,79.337375020249367923,79.613081595276190349,0.27570658,0.0034751159
3b,1.28247467873,24,110,22,82.910380854086030183,82.06271487513084236,0.84766598,0.010223882
3b,1.28247467873,24,110,23,84.735492980517050106,84.512348154985494371,0.22314483,0.0026334281
3b,1.28247467873,24,110,24,87.425274613125229407,86.961981434840146381,0.46329318,0.0052993048
3b,1.28247467873,24,110,25,88.809111207634465424,89.411614714694798392,0.60250351,0.0067842533
3b,1.28247467873,24,110,26,92.491899270558484296,91.861247994549450403,0.63065128,0.0068184488
3b,1.28247467873,24,110,27,94.651344040519886967,94.310881274404102414,0.34046277,0.0035970199
3b,1.28247467873,24,110,28,95.870634228245309759,96.760514554258754424,0.88988033,0.0092820949
3b,1.28247467873,24,110,29,98.831194218193692233,99.210147834113406435,0.37895362,0.0038343523
3b,1.28247467873,24,110,30,101.31785100573139123,101.65978111396805845,0.34193011,0.0033748259
3b,1.28247467873,24,110,31,103.72553804047833942,104.10941439382271046,0.38387635,0.0037008856
3b,1.28247467873,24,110,32,105.44662305232609449,106.55904767367736247,1.1124246,0.010549647
3b,1.28247467873,24,110,33,107.16861118427640752,106.55904767367736247,0.60956351,0.0056878922
3b,1.28247467873,24,110,34,111.02953554316967452,111.16665520394963416,0.13711966,0.0012349836
3b,1.28247467873,24,110,35,111.87465917699263709,111.45831423338666649,0.41634494,0.0037215304
3b,1.28247467873,24,110,36,114.32022091545271277,113.9079475132413185,0.4122734,0.0036063034
3b,1.28247467873,24,110,37,116.22668032085755438,116.35758079309597051,0.13090047,0.0011262515
3b,1.28247467873,24,110,38,118.79078286597621732,118.80721407295062252,0.016431207,0.00013832055
3b,1.28247467873,24,110,39,121.37012500242064592,121.25684735280527453,0.11327765,0.00093332399
3b,1.28247467873,24,110,40,122.9468292935525882,123.70648063265992654,0.75965134,0.0061786981
3b,1.28247467873,24,110,41,124.25681855434576718,123.70648063265992654,0.55033792,0.004429036
3b,1.28247467873,24,110,42,127.51668387959649512,128.60574719236923056,1.0890633,0.0085405555
3b,1.28247467873,24,110,43,129.57870419995605099,128.60574719236923056,0.97295701,0.0075086181
3b,1.28247467873,24,110,44,131.08768853093265672,131.05538047222388257,0.032308059,0.00024646143
3b,1.28247467873,24,110,45,133.49773720299758645,133.50501375207853459,0.0072765491,5.450691e-5
3b,1.28247467873,24,110,46,134.75650975337387133,135.9546470319331866,1.1981373,0.0088911273
3b,1.28247467873,24,110,47,138.1160420545334432,138.40428031178783861,0.28823826,0.0020869282
3b,1.28247467873,24,110,48,139.73620895212138895,140.85391359164249062,1.1177046,0.0079986758
3b,1.28247467873,24,110,49,141.12370740402112376,140.85391359164249062,0.26979381,0.001911754
3b,1.28247467873,24,110,50,143.11184580762063274,143.30354687149714263,0.19170106,0.0013395192
