R,size,dps,lam_min,lam_min_sign,lam_min_dps2,lam_min_sign_dps2,prec_stable,lam_min_float64,float64_sign,gap_lam2_lam1,lam_min_simple,parity,parity_residual,n_zeros,H1_max_abs_zero_minus_1,H1_applicable,H1_holds,H4_zero_to_theta,H4_theta_to_zero,inertia,inertia_neg,inertia_zero,inertia_pos,inertia_tol,curve,q,g,rank_pred_theory,H2_kernel_vec_err
0,1,50,2.0,pos,2.0,pos,True,2.0000e+00,pos,+inf,True,even,0.0,0,0.0,True,True,,,"(0,0,1)",0,0,1,2.0e-40,E5,5,1,1,
1,2,50,1.105572809,pos,1.105572809,pos,True,1.1056e+00,pos,1.7888544,True,odd,0.0,1,0.0,True,True,1.10715,1.10715,"(0,0,2)",0,0,2,2.894e-40,E5,5,1,2,
2,3,50,1.36533508796e-50,zero,3.34159166017e-51,pos,False,-5.1481e-16,neg,2.8,True,even,1.89e-51,2,0.0,True,True,0.0,0.0,"(0,1,2)",0,1,2,3.2e-40,E5,5,1,2,1.33638e-51
3,4,50,-1.17698524369e-50,zero,2.64403244022e-51,pos,False,1.2451e-16,pos,1.3516837e-50,False,mixed,1.327,3,0.587689,False,,2.03444,2.67276e-51,"(0,2,2)",0,2,2,5.073e-40,E5,5,1,2,
4,5,50,-6.4405757757e-52,zero,2.43524624129e-51,pos,False,-4.1303e-16,neg,7.2007484e-51,False,mixed,0.5443,4,4.72424,False,,1.10715,0.0,"(0,3,2)",0,3,2,5.76e-40,E5,5,1,2,
0,1,50,4.0,pos,4.0,pos,True,4.0000e+00,pos,+inf,True,even,0.0,0,0.0,True,True,,,"(0,0,1)",0,0,1,4.0e-40,H2F3,3,2,1,
1,2,50,2.84529946162,pos,2.84529946162,pos,True,2.8453e+00,pos,2.3094011,True,even,0.0,1,0.0,True,True,0.955317,1.5708,"(0,0,2)",0,0,2,5.155e-40,H2F3,3,2,2,
2,3,50,0.558481559888,pos,0.558481559888,pos,True,5.5848e-01,pos,4.2163702,True,even,3.78e-51,2,2.67276e-51,True,True,0.273322,0.342158,"(0,0,3)",0,0,3,6.667e-40,H2F3,3,2,3,
3,4,50,0.265043666646,pos,0.265043666646,pos,True,2.6504e-01,pos,1.1921841,True,even,3.407e-51,3,2.67276e-51,True,True,0.955317,0.372597,"(0,0,4)",0,0,4,8.505e-40,H2F3,3,2,4,
4,5,50,-1.06608249884e-50,zero,3.1486249425e-51,pos,False,2.5310e-15,pos,1.375247,True,even,7.197e-51,4,8.01829e-51,True,True,1.06911e-50,1.06911e-50,"(0,1,4)",0,1,4,8.561e-40,H2F3,3,2,4,6.01372e-51
5,6,50,-5.4124826665e-51,zero,1.45774310392e-51,pos,False,-1.2719e-15,neg,2.6861554e-50,False,mixed,0.5379,5,10.2193,False,,0.955317,5.34553e-51,"(0,2,4)",0,2,4,9.878e-40,H2F3,3,2,4,
6,7,50,-1.15971105891e-50,zero,1.09453676923e-51,pos,False,-5.4746e-16,neg,1.1902125e-50,False,mixed,1.094,6,10.5712,False,,1.5708,5.34553e-51,"(0,3,4)",0,3,4,1.016e-39,H2F3,3,2,4,
7,8,50,-1.12178669973e-50,zero,9.25922566564e-52,pos,False,-2.8219e-15,neg,1.7123025e-50,False,mixed,1.349,7,12.1646,False,,1.5708,5.34553e-51,"(0,4,4)",0,4,4,1.02e-39,H2F3,3,2,4,
8,9,50,-1.87305689943e-50,zero,-1.09819077408e-52,neg,False,-3.0375e-15,neg,1.3620125e-50,False,mixed,1.113,8,3.83282,False,,1.5708,5.34553e-51,"(0,5,4)",0,5,4,1.023e-39,H2F3,3,2,4,
0,1,50,6.0,pos,6.0,pos,True,6.0000e+00,pos,+inf,True,even,0.0,0,0.0,True,True,,,"(0,0,1)",0,0,1,6.0e-40,G3F5,5,3,1,
1,2,50,4.6583592135,pos,4.6583592135,pos,True,4.6584e+00,pos,2.6832816,True,even,0.0,1,0.0,True,True,0.608403,2.0971,"(0,0,2)",0,0,2,7.342e-40,G3F5,5,3,2,
2,3,50,3.0,pos,3.0,pos,True,3.0000e+00,pos,4.2,True,even,1.89e-51,2,0.0,True,True,0.103297,0.989955,"(0,0,3)",0,0,3,7.8e-40,G3F5,5,3,3,
3,4,50,2.22021142917,pos,2.22021142917,pos,True,2.2202e+00,pos,3.3901117,True,even,6.814e-51,3,2.67276e-51,True,True,0.608403,0.671081,"(0,0,4)",0,0,4,8.706e-40,G3F5,5,3,4,
4,5,50,0.889166093106,pos,0.889166093106,pos,True,8.8917e-01,pos,4.1684327,True,even,6.682e-51,4,2.67276e-51,True,True,0.204737,0.419594,"(0,0,5)",0,0,5,9.668e-40,G3F5,5,3,5,
5,6,50,0.335241225781,pos,0.335241225781,pos,True,3.3524e-01,pos,2.992607,True,even,7.38e-51,5,5.34553e-51,True,True,0.608403,0.343869,"(0,0,6)",0,0,6,1.05e-39,G3F5,5,3,6,
6,7,50,2.98624364035e-50,zero,1.11047611853e-50,pos,False,1.0619e-15,pos,3.2964254,True,even,7.134e-51,6,4.00915e-51,True,True,2.67276e-51,2.67276e-51,"(0,1,6)",0,1,6,1.062e-39,G3F5,5,3,6,3.34096e-51
7,8,50,-1.90994084696e-52,zero,1.03804423864e-50,pos,False,1.1063e-17,pos,1.4831622e-50,False,mixed,0.6604,7,0.146838,False,,1.04449,2.67276e-51,"(0,2,6)",0,2,6,1.077e-39,G3F5,5,3,6,
8,9,50,-2.27471887378e-50,zero,9.8425090613e-51,pos,False,-9.6134e-17,neg,3.2372041e-50,False,mixed,0.9955,8,0.369234,False,,0.697694,2.67276e-51,"(0,3,6)",0,3,6,1.218e-39,G3F5,5,3,6,
9,10,50,8.51291420873e-51,zero,9.34796410469e-51,pos,False,-1.8737e-15,neg,1.7366967e-50,False,mixed,0.9291,9,0.855141,False,,1.04449,2.67276e-51,"(0,4,6)",0,4,6,1.374e-39,G3F5,5,3,6,
10,11,50,6.22609463476e-51,zero,9.06373335762e-51,pos,False,-1.0407e-15,neg,1.1997831e-50,False,mixed,0.9174,10,0.914127,False,,1.04449,5.34553e-51,"(0,5,6)",0,5,6,1.538e-39,G3F5,5,3,6,
11,12,50,8.62373405269e-51,zero,8.84797608779e-51,pos,False,-1.5387e-15,neg,1.0509488e-50,False,mixed,0.6045,11,0.326381,False,,0.608403,2.67276e-51,"(0,6,6)",0,6,6,1.622e-39,G3F5,5,3,6,
12,13,50,4.50551250793e-51,zero,8.62411619569e-51,pos,False,-2.9443e-15,neg,1.2478469e-50,False,mixed,1.053,12,4.26499,False,,1.04449,5.34553e-51,"(0,7,6)",0,7,6,1.733e-39,G3F5,5,3,6,
0,1,50,6.0,pos,6.0,pos,True,6.0000e+00,pos,+inf,True,even,0.0,0,0.0,True,True,,,"(0,0,1)",0,0,1,6.0e-40,G3F3,3,3,1,
1,2,50,4.26794919243,pos,4.26794919243,pos,True,4.2679e+00,pos,3.4641016,True,even,0.0,1,0.0,True,True,0.196169,2.13025,"(0,0,2)",0,0,2,7.732e-40,G3F3,3,3,2,
2,3,50,3.37818002289,pos,3.37818002289,pos,True,3.3782e+00,pos,2.9551533,True,even,1.89e-51,2,1.33638e-51,True,True,0.292696,1.28111,"(0,0,3)",0,0,3,8.288e-40,G3F3,3,3,3,
3,4,50,2.20256505153,pos,2.20256505153,pos,True,2.2026e+00,pos,4.1307683,True,even,7.619e-51,3,5.34553e-51,True,True,0.42896,0.55945,"(0,0,4)",0,0,4,9.131e-40,G3F3,3,3,4,
4,5,50,1.32931889185,pos,1.32931889185,pos,True,1.3293e+00,pos,4.7817922,True,even,3.407e-51,4,2.67276e-51,True,True,0.299821,0.645846,"(0,0,5)",0,0,5,9.819e-40,G3F3,3,3,5,
5,6,50,0.152727139883,pos,0.152727139883,pos,True,1.5273e-01,pos,5.742493,True,even,4.818e-51,5,2.67276e-51,True,True,0.196169,0.196169,"(0,0,6)",0,0,6,1.082e-39,G3F3,3,3,6,
6,7,50,-1.93805022012e-50,zero,-1.23017258618e-51,neg,False,8.6860e-18,pos,1.5497899,True,even,2.654e-50,6,3.20732e-50,True,True,5.34553e-50,5.34553e-50,"(0,1,6)",0,1,6,1.362e-39,G3F3,3,3,6,1.26956e-50
7,8,50,-4.36359887896e-50,zero,-1.60893963857e-51,neg,False,-1.5977e-15,neg,3.3816683e-50,False,mixed,0.1128,7,0.0246832,False,,1.01135,0.0,"(0,2,6)",0,2,6,1.462e-39,G3F3,3,3,6,
8,9,50,-7.81314742099e-51,zero,-2.30511838761e-51,neg,False,-6.8032e-16,neg,1.5311376e-50,False,mixed,0.1055,8,0.203918,False,,0.0663848,1.60366e-50,"(0,3,6)",0,3,6,1.49e-39,G3F3,3,3,6,
9,10,50,-3.02019424961e-51,zero,-2.62999542601e-51,neg,False,-1.4513e-15,neg,8.0514266e-51,False,mixed,1.209,9,1.33881,False,,1.01135,2.67276e-51,"(0,4,6)",0,4,6,1.521e-39,G3F3,3,3,6,
10,11,50,-2.80285590782e-50,zero,-3.00372013639e-51,neg,False,-3.1357e-15,neg,2.643106e-50,False,mixed,0.7803,10,6.16839,False,,1.01135,5.34553e-51,"(0,5,6)",0,5,6,1.542e-39,G3F3,3,3,6,
11,12,50,-1.78065810439e-50,zero,-3.23102140741e-51,neg,False,-2.0386e-15,neg,1.5900928e-50,False,mixed,1.287,11,12.9294,False,,1.01135,5.34553e-51,"(0,6,6)",0,6,6,1.568e-39,G3F3,3,3,6,
12,13,50,-2.71427506346e-50,zero,-3.38132162232e-51,neg,False,-2.9818e-15,neg,2.1492969e-50,False,mixed,0.6838,12,33.8732,False,,1.01135,1.06911e-50,"(0,7,6)",0,7,6,1.642e-39,G3F3,3,3,6,
