L,N,K,dps,control_is_negative_roundoff,gamma_star,lam_min_control,lam_min_delta_0.2,sign_delta_0.2,lam_min_delta_0.1,sign_delta_0.1,lam_min_delta_0.05,sign_delta_0.05,lam_min_delta_0.02,sign_delta_0.02
0.2,14,400,80,False,14.134725141734693,0.09893354409,0.1875331592,pos,0.1878222119,pos,0.1878944592,pos,0.1879146874,pos
0.3,14,400,80,False,14.134725141734693,0.008483478533,0.009361623473,pos,0.009518230358,pos,0.009557367469,pos,0.009568324816,pos
0.4,14,400,80,False,14.134725141734693,0.0002091623219,0.0001449127819,pos,0.0001943820195,pos,0.0002066403554,pos,0.0002100649684,pos
0.5,14,400,80,False,14.134725141734693,1.076175963e-6,-2.698223355e-5,neg,-5.219415352e-6,neg,-4.584092629e-7,neg,8.324130038e-7,pos
0.6,14,400,80,False,14.134725141734693,1.950242422e-9,-0.001471908114,neg,-0.0002606917066,neg,-2.808764637e-6,neg,-1.353771161e-7,neg
0.8,14,400,80,False,14.134725141734693,3.087846905e-17,-0.01923119281,neg,-0.004056884878,neg,-0.0008476025396,neg,-0.0001240169854,neg
1.0,14,400,80,False,14.134725141734693,1.526116637e-24,-0.03637501229,neg,-0.008821468644,neg,-0.00213047166,neg,-0.0003307748197,neg
1.3,14,400,80,False,14.134725141734693,5.911086853e-32,-0.1114375153,neg,-0.02524109912,neg,-0.005738886683,neg,-0.0008627640774,neg
1.6,16,400,80,False,14.134725141734693,1.884212841e-41,-0.2000435822,neg,-0.0491508909,neg,-0.01211811389,neg,-0.001851309914,neg
2.0,20,400,80,False,14.134725141734693,5.114997058e-56,-0.4317527401,neg,-0.1037128612,neg,-0.02523529576,neg,-0.003788786409,neg
