config,R,d,lam_min,lam_min_sign,lam_min_simple,parity,kernel_dim,kernel_dim_pred,kernel_even_dim,kernel_odd_dim,M1_coeff_dist_at_R_eq_d,M1p_dist_to_ideal,M2_min_normalized_value_at_offline_beta,radial_gap,H1_max_abs_zero_minus_1
E5,1,2,1.105572809,pos,True,odd,0,0,0,0,,,,,0.0
E5,2,2,1.36533508796e-50,zero,True,even,1,1,1,0,2.67276e-51,2.67276e-51,,,0.0
E5,3,2,-1.17698524369e-50,zero,False,mixed,2,2,1,1,,2.4092e-51,,,0.587689
E5,4,2,-6.4405757757e-52,zero,False,mixed,3,3,2,1,,2.67798e-51,,,4.72424
E5,5,2,-2.12450130618e-51,zero,False,mixed,4,4,2,2,,1.98358e-51,,,0.941378
E5,6,2,1.91065435198e-51,zero,False,mixed,5,5,3,2,,2.92214e-51,,,2.70503
H2F3,1,4,2.84529946162,pos,True,even,0,0,0,0,,,,,0.0
H2F3,2,4,0.558481559888,pos,True,even,0,0,0,0,,,,,2.67276e-51
H2F3,3,4,0.265043666646,pos,True,even,0,0,0,0,,,,,2.67276e-51
H2F3,4,4,-1.06608249884e-50,zero,True,even,1,1,1,0,7.13433e-51,7.13433e-51,,,8.01829e-51
H2F3,5,4,-5.4124826665e-51,zero,False,mixed,2,2,1,1,,3.15655e-51,,,10.2193
H2F3,6,4,-1.15971105891e-50,zero,False,mixed,3,3,2,1,,3.89938e-51,,,10.5712
H2F3,7,4,-1.12178669973e-50,zero,False,mixed,4,4,2,2,,3.79971e-51,,,12.1646
H2F3,8,4,-1.87305689943e-50,zero,False,mixed,5,5,3,2,,6.22708e-51,,,3.83282
G3F5,1,6,4.6583592135,pos,True,even,0,0,0,0,,,,,0.0
G3F5,2,6,3.0,pos,True,even,0,0,0,0,,,,,0.0
G3F5,3,6,2.22021142917,pos,True,even,0,0,0,0,,,,,2.67276e-51
G3F5,4,6,0.889166093106,pos,True,even,0,0,0,0,,,,,2.67276e-51
G3F5,5,6,0.335241225781,pos,True,even,0,0,0,0,,,,,5.34553e-51
G3F5,6,6,2.98624364035e-50,zero,True,even,1,1,1,0,5.90975e-51,5.81397e-51,,,4.00915e-51
G3F5,7,6,-1.90994084696e-52,zero,False,mixed,2,2,1,1,,7.25543e-51,,,0.146838
G3F5,8,6,-2.27471887378e-50,zero,False,mixed,3,3,2,1,,8.12624e-51,,,0.369234
G3F5,9,6,8.51291420873e-51,zero,False,mixed,4,4,2,2,,6.0388e-51,,,0.855141
G3F5,10,6,6.22609463476e-51,zero,False,mixed,5,5,3,2,,5.19213e-51,,,0.914127
G3F3,1,6,4.26794919243,pos,True,even,0,0,0,0,,,,,0.0
G3F3,2,6,3.37818002289,pos,True,even,0,0,0,0,,,,,1.33638e-51
G3F3,3,6,2.20256505153,pos,True,even,0,0,0,0,,,,,5.34553e-51
G3F3,4,6,1.32931889185,pos,True,even,0,0,0,0,,,,,2.67276e-51
G3F3,5,6,0.152727139883,pos,True,even,0,0,0,0,,,,,2.67276e-51
G3F3,6,6,-1.93805022012e-50,zero,True,even,1,1,1,0,1.49916e-50,1.49896e-50,,,3.20732e-50
G3F3,7,6,-4.36359887896e-50,zero,False,mixed,2,2,1,1,,9.90136e-51,,,0.0246832
G3F3,8,6,-7.81314742099e-51,zero,False,mixed,3,3,2,1,,7.3616e-51,,,0.203918
G3F3,9,6,-3.02019424961e-51,zero,False,mixed,4,4,2,2,,7.65003e-51,,,1.33881
G3F3,10,6,-2.80285590782e-50,zero,False,mixed,5,5,3,2,,9.44777e-51,,,6.16839
E5x-repeated,1,2,4.0,pos,False,mixed,0,0,0,0,,,,,0.0
E5x-repeated,2,2,0.0,zero,True,even,1,1,1,0,0.0,1.88993e-51,,,0.0
E5x-repeated,3,2,0.0,zero,False,mixed,2,2,1,1,,1.88993e-51,,,0.0
E5x-repeated,4,2,1.02431457526e-50,zero,False,mixed,3,3,2,1,,2.55898e-51,,,0.359034
E5x-repeated,5,2,-1.06278479586e-50,zero,False,mixed,4,4,2,2,,5.51679e-51,,,0.241981
E5x-repeated,6,2,-2.21601436437e-50,zero,False,mixed,5,5,3,2,,2.53891e-51,,,0.167583
E5x-repeated,7,2,-2.3917339202e-50,zero,False,mixed,6,6,3,3,,3.76507e-51,,,0.717372
E5x-repeated,8,2,1.14137258198e-51,zero,False,mixed,7,7,4,3,,3.37751e-51,,,0.226266
C0-online,1,4,3.30260929853,pos,True,odd,0,0,0,0,,,,,0.0
C0-online,2,4,2.4178470697,pos,True,even,0,0,0,0,,,,,2.67276e-51
C0-online,3,4,1.52782545267,pos,True,odd,0,0,0,0,,,,,2.67276e-51
C0-online,4,4,-6.50885163206e-51,zero,True,even,1,1,1,0,3.77986e-51,3.77986e-51,,,2.67276e-51
C0-online,5,4,3.76884872541e-51,zero,False,mixed,2,2,1,1,,2.8349e-51,,,4.4602
C0-online,6,4,-2.29236946806e-50,zero,False,mixed,3,3,2,1,,5.54035e-51,,,0.647052
C0-online,7,4,-1.20242050199e-51,zero,False,mixed,4,4,2,2,,2.69356e-51,,,1.00715
C0-online,8,4,-1.77211365796e-51,zero,False,mixed,5,5,3,2,,5.51542e-51,,,6.83275
C0-online,9,4,-4.46480970623e-50,zero,False,mixed,6,6,3,3,,4.21858e-51,,,0.121651
C0-online,10,4,-5.38366181407e-50,zero,False,mixed,7,7,4,3,,3.50427e-51,,,0.979785
C0-online,11,4,-2.51746131469e-50,zero,False,mixed,8,8,4,4,,5.80416e-51,,,0.286129
C0-online,12,4,-2.42639222789e-50,zero,False,mixed,9,9,5,4,,6.4009e-51,,,1.42597
C0-online,13,4,-2.71977785925e-50,zero,False,mixed,10,10,5,5,,4.15547e-51,,,6.7767
C0-online,14,4,-6.75210450343e-50,zero,False,mixed,11,11,6,5,,4.00316e-51,,,0.222346
C1-g1real,1,2,-0.0692307692308,neg,True,odd,0,0,0,0,,,0.129339,0.230769,0.0
C1-g1real,2,2,-0.281715976331,neg,True,odd,1,1,1,0,1.41421,1.0,0.207176,0.230769,1.33638e-50
C1-g1real,3,2,-0.72139690487,neg,True,odd,2,2,1,1,,1.0,0.276399,0.230769,1.60366e-50
C1-g1real,4,2,-1.48794377298,neg,True,odd,3,3,2,1,,1.0,0.338629,0.230769,8.01829e-51
C1-g1real,5,2,-2.70365597921,neg,True,odd,4,4,2,2,,1.0,0.394103,0.230769,2.67276e-51
C1-g1real,6,2,-4.52192898401,neg,True,odd,5,5,3,2,,1.0,0.44298,0.230769,2.67276e-51
C1-g1real,7,2,-7.13787399539,neg,True,odd,6,6,3,3,,1.0,0.485553,0.230769,0.0
C1-g1real,8,2,-10.801825668,neg,True,odd,7,7,4,3,,1.0,0.522253,0.230769,1.33638e-51
C1-g1real,9,2,-15.8366729638,neg,True,odd,8,8,4,4,,1.0,0.553603,0.230769,1.33638e-51
C1-g1real,10,2,-22.6602130032,neg,True,odd,9,9,5,4,,1.0,0.580174,0.230769,0.0
C1-g1real,11,2,-31.8140754813,neg,True,odd,10,10,5,5,,1.0,0.602543,0.230769,1.33638e-51
C1-g1real,12,2,-44.0012201081,neg,True,odd,11,11,6,5,,1.0,0.621263,0.230769,0.0
C1-g1real,13,2,-60.1346030501,neg,True,odd,12,12,6,6,,1.0,0.636849,0.230769,0.0
C1-g1real,14,2,-81.4003815878,neg,True,odd,13,13,7,6,,1.0,0.649769,0.230769,1.33638e-51
C2-quartet,1,4,0.83473002493,pos,True,odd,0,0,0,0,,,0.361073,0.230769,0.0
C2-quartet,2,4,-0.105319114788,neg,True,even,0,0,0,0,,,0.0908441,0.230769,5.34553e-51
C2-quartet,3,4,-0.662041846313,neg,True,even,0,0,0,0,,,0.19353,0.230769,2.40549e-50
C2-quartet,4,4,-2.25732330575,neg,True,even,1,1,1,0,1.41421,1.0,0.303182,0.230769,1.33638e-51
C2-quartet,5,4,-4.808549018,neg,True,even,2,2,1,1,,1.0,0.372345,0.230769,1.33638e-51
C2-quartet,6,4,-6.8739821225,neg,True,even,3,3,2,1,,1.0,0.390601,0.230769,2.67276e-51
C2-quartet,7,4,-7.38524730691,neg,True,even,4,4,2,2,,1.0,0.363068,0.230769,1.47002e-50
C2-quartet,8,4,-11.7480446505,neg,True,odd,5,5,3,2,,1.0,0.398963,0.230769,1.33638e-51
C2-quartet,9,4,-22.6790831072,neg,True,odd,6,6,3,3,,1.0,0.473726,0.230769,0.0
C2-quartet,10,4,-33.8423305347,neg,True,odd,7,7,4,3,,1.0,0.50176,0.230769,1.33638e-51
C2-quartet,11,4,-39.7883548446,neg,True,odd,8,8,4,4,,1.0,0.487311,0.230769,1.33638e-51
C2-quartet,12,4,-39.8178926528,neg,True,odd,9,9,5,4,,1.0,0.434913,0.230769,1.5796e-48
C2-quartet,13,4,-73.7294029431,neg,True,even,10,10,5,5,,1.0,0.510579,0.230769,0.0
C2-quartet,14,4,-115.765512872,neg,True,even,11,11,6,5,,1.0,0.548732,0.230769,1.33638e-51
C4-mixed,1,6,3.66702369802,pos,True,odd,0,0,0,0,,,0.361073,0.230769,0.0
C4-mixed,2,6,2.42415488005,pos,True,even,0,0,0,0,,,0.126382,0.230769,0.0
C4-mixed,3,6,1.95744796219,pos,True,odd,0,0,0,0,,,0.118738,0.230769,8.01829e-51
C4-mixed,4,6,-1.13954387374,neg,True,even,0,0,0,0,,,0.243839,0.230769,2.67276e-51
C4-mixed,5,6,-4.7612998721,neg,True,even,0,0,0,0,,,0.371313,0.230769,4.00915e-51
C4-mixed,6,6,-6.75090475721,neg,True,even,1,1,1,0,1.41421,1.0,0.387594,0.230769,1.33638e-51
C4-mixed,7,6,-7.29217115751,neg,True,even,2,2,1,1,,1.0,0.359955,0.230769,2.40549e-50
C4-mixed,8,6,-10.2962629874,neg,True,odd,3,3,2,1,,1.0,0.389092,0.230769,1.33638e-51
C4-mixed,9,6,-21.824883997,neg,True,odd,4,4,2,2,,1.0,0.471749,0.230769,1.33638e-51
C4-mixed,10,6,-33.8394047402,neg,True,odd,5,5,3,2,,1.0,0.501761,0.230769,1.33638e-51
C4-mixed,11,6,-39.6714580743,neg,True,odd,6,6,3,3,,1.0,0.486562,0.230769,2.67276e-51
C4-mixed,12,6,-39.7775467197,neg,True,odd,7,7,4,3,,1.0,0.434499,0.230769,1.05441e-48
C4-mixed,13,6,-72.151451738,neg,True,even,8,8,4,4,,1.0,0.510267,0.230769,0.0
C4-mixed,14,6,-115.296131638,neg,True,even,9,9,5,4,,1.0,0.548637,0.230769,1.33638e-51
