n,gamma_n,delta,L,L_pred,L_over_Lpred,basis,N0,mres,kstar,dim,dps,lam_min_geom,noise_floor,detected,min_rayleigh,witness_support,trustworthy
30,101.317851006,0.1,1.1816639,1.3901928,0.85,B1,8,0,38,9,220,2.796396114e-21,,no,,,
30,101.317851006,0.1,1.1816639,1.3901928,0.85,B3,24,3,38,31,220,9.02726306e-39,,no,,,
30,101.317851006,0.1,1.1816639,1.3901928,0.85,B5,44,7,38,46,220,1.908263173e-46,,yes,-2.48787552e-45,39,yes
30,101.317851006,0.1,1.3901928,1.3901928,1.0,B1,8,0,44,9,220,7.400336317e-24,,no,,,
30,101.317851006,0.1,1.3901928,1.3901928,1.0,B3,24,3,44,31,220,4.517731991e-47,,no,,,
30,101.317851006,0.1,1.3901928,1.3901928,1.0,B5,44,7,44,52,220,5.350515691e-68,,yes,-1.623765988e-60,44,yes
30,101.317851006,0.1,1.5987217,1.3901928,1.15,B1,8,0,51,9,220,6.450619033e-26,,no,,,
30,101.317851006,0.1,1.5987217,1.3901928,1.15,B3,24,3,51,31,220,1.073588674e-53,,no,,,
30,101.317851006,0.1,1.5987217,1.3901928,1.15,B5,44,7,51,59,220,1.358084041e-89,,yes,-3.405004454e-80,48,yes
80,201.264751944,0.1,1.4733663,1.7333721,0.85,B1,8,0,94,9,220,9.915890618e-25,,no,,,
80,201.264751944,0.1,1.4733663,1.7333721,0.85,B3,24,3,94,31,220,3.600182312e-50,,no,,,
80,201.264751944,0.1,1.4733663,1.7333721,0.85,B5,44,7,94,59,220,1.469550589e-69,,no,,,
80,201.264751944,0.1,1.7333721,1.7333721,1.0,B1,8,0,111,9,220,1.8612314e-26,,no,,,
80,201.264751944,0.1,1.7333721,1.7333721,1.0,B3,24,3,111,31,220,2.007293101e-57,,no,,,
80,201.264751944,0.1,1.7333721,1.7333721,1.0,B5,44,7,111,59,220,1.67511019e-84,,no,,,
80,201.264751944,0.1,1.9933779,1.7333721,1.15,B1,8,0,127,9,220,1.757470566e-28,,no,,,
80,201.264751944,0.1,1.9933779,1.7333721,1.15,B3,24,3,127,31,220,9.689431115e-64,,no,,,
80,201.264751944,0.1,1.9933779,1.7333721,1.15,B5,44,7,127,59,220,1.531309931e-96,,yes,-1.571186274e-92,56,yes
